angry0,angry1,angry2,box0,box1,box2,disgust0,disgust1,disgust2,fear0,fear1,fear2,happy0,happy1,happy2,neutral0,neutral1,neutral2,sad0,sad1,sad2,surprise0,surprise1,surprise2
0.17,,,"(855, 422, 361, 361)",,,0.0,,,0.05,,,0.03,,,0.6,,,0.1,,,0.06,,
0.17,,,"(855, 422, 361, 361)",,,0.0,,,0.05,,,0.03,,,0.59,,,0.1,,,0.06,,
0.17,,,"(855, 422, 361, 361)",,,0.0,,,0.05,,,0.03,,,0.59,,,0.1,,,0.06,,
0.15,,,"(850, 406, 377, 377)",,,0.0,,,0.04,,,0.09,,,0.53,,,0.09,,,0.1,,
0.13,,,"(851, 409, 374, 374)",,,0.0,,,0.03,,,0.1,,,0.56,,,0.09,,,0.08,,
0.14,,,"(849, 409, 374, 374)",,,0.0,,,0.03,,,0.09,,,0.57,,,0.08,,,0.09,,
0.16,,,"(851, 409, 375, 375)",,,0.0,,,0.04,,,0.12,,,0.52,,,0.09,,,0.07,,
0.24,,,"(854, 423, 364, 364)",,,0.0,,,0.04,,,0.03,,,0.47,,,0.14,,,0.08,,
0.24,,,"(854, 423, 364, 364)",,,0.0,,,0.04,,,0.03,,,0.47,,,0.14,,,0.08,,
0.2,0.13,,"(853, 423, 365, 365)","(1563, 464, 81, 81)",,0.0,0.02,,0.03,0.31,,0.02,0.06,,0.54,0.08,,0.13,0.19,,0.07,0.22,
0.24,0.06,,"(854, 424, 363, 363)","(1552, 461, 95, 95)",,0.0,0.01,,0.04,0.4,,0.02,0.06,,0.47,0.18,,0.14,0.21,,0.08,0.08,
0.19,,,"(821, 381, 385, 385)",,,0.0,,,0.03,,,0.05,,,0.64,,,0.07,,,0.02,,
0.15,,,"(820, 380, 385, 385)",,,0.0,,,0.04,,,0.05,,,0.65,,,0.09,,,0.02,,
0.18,,,"(821, 380, 385, 385)",,,0.0,,,0.03,,,0.06,,,0.64,,,0.07,,,0.02,,
0.17,,,"(820, 380, 386, 386)",,,0.0,,,0.04,,,0.06,,,0.61,,,0.09,,,0.02,,
0.23,,,"(855, 430, 355, 355)",,,0.0,,,0.05,,,0.02,,,0.45,,,0.16,,,0.09,,
0.17,,,"(852, 426, 358, 358)",,,0.0,,,0.03,,,0.02,,,0.56,,,0.16,,,0.06,,
0.2,,,"(854, 429, 356, 356)",,,0.0,,,0.04,,,0.02,,,0.48,,,0.17,,,0.09,,
0.15,,,"(839, 408, 373, 373)",,,0.0,,,0.08,,,0.06,,,0.47,,,0.13,,,0.11,,
0.14,,,"(843, 411, 369, 369)",,,0.0,,,0.05,,,0.07,,,0.52,,,0.13,,,0.09,,
0.12,,,"(840, 406, 373, 373)",,,0.0,,,0.04,,,0.05,,,0.61,,,0.11,,,0.06,,
0.14,,,"(842, 408, 371, 371)",,,0.0,,,0.05,,,0.05,,,0.55,,,0.14,,,0.07,,
0.15,,,"(841, 408, 371, 371)",,,0.0,,,0.05,,,0.05,,,0.54,,,0.12,,,0.09,,
0.13,,,"(857, 433, 347, 347)",,,0.0,,,0.03,,,0.01,,,0.61,,,0.19,,,0.03,,
0.13,,,"(857, 434, 346, 346)",,,0.0,,,0.03,,,0.01,,,0.55,,,0.25,,,0.03,,
0.13,,,"(857, 433, 347, 347)",,,0.0,,,0.03,,,0.01,,,0.61,,,0.19,,,0.03,,
0.13,,,"(857, 433, 347, 347)",,,0.0,,,0.03,,,0.01,,,0.61,,,0.19,,,0.03,,
0.2,,,"(857, 429, 343, 343)",,,0.0,,,0.08,,,0.01,,,0.49,,,0.2,,,0.02,,
0.18,,,"(858, 431, 340, 340)",,,0.0,,,0.06,,,0.01,,,0.55,,,0.19,,,0.02,,
0.21,,,"(858, 432, 334, 334)",,,0.0,,,0.1,,,0.01,,,0.37,,,0.23,,,0.08,,
0.2,,,"(860, 435, 335, 335)",,,0.0,,,0.07,,,0.01,,,0.51,,,0.17,,,0.04,,
0.11,,,"(819, 382, 379, 379)",,,0.0,,,0.06,,,0.01,,,0.69,,,0.12,,,0.02,,
0.11,,,"(819, 382, 379, 379)",,,0.0,,,0.06,,,0.01,,,0.69,,,0.12,,,0.02,,
0.13,,,"(821, 384, 376, 376)",,,0.0,,,0.06,,,0.01,,,0.67,,,0.1,,,0.03,,
0.14,,,"(821, 384, 376, 376)",,,0.0,,,0.06,,,0.01,,,0.66,,,0.1,,,0.03,,
0.08,0.14,0.24,"(824, 381, 379, 379)","(1560, 464, 86, 86)","(1890, 923, 79, 79)",0.0,0.01,0.02,0.03,0.28,0.08,0.01,0.05,0.06,0.78,0.28,0.02,0.07,0.2,0.53,0.02,0.05,0.05
0.08,0.14,,"(824, 381, 379, 379)","(1560, 464, 86, 86)",,0.0,0.0,,0.03,0.27,,0.01,0.05,,0.78,0.28,,0.07,0.21,,0.02,0.05,
0.08,0.15,0.23,"(824, 381, 379, 379)","(1560, 464, 86, 86)","(1890, 923, 79, 79)",0.0,0.01,0.02,0.03,0.29,0.08,0.01,0.05,0.06,0.78,0.26,0.02,0.07,0.19,0.54,0.02,0.05,0.05
0.08,0.14,0.23,"(824, 381, 379, 379)","(1560, 464, 86, 86)","(1890, 923, 79, 79)",0.0,0.01,0.02,0.03,0.28,0.08,0.01,0.05,0.06,0.78,0.28,0.02,0.07,0.2,0.54,0.02,0.05,0.05
0.14,0.26,,"(829, 386, 384, 384)","(1650, 492, 50, 50)",,0.0,0.08,,0.06,0.17,,0.05,0.05,,0.61,0.07,,0.1,0.31,,0.04,0.06,
0.12,0.25,,"(829, 386, 383, 383)","(1650, 492, 50, 50)",,0.0,0.08,,0.05,0.17,,0.03,0.05,,0.67,0.07,,0.09,0.31,,0.04,0.06,
0.12,0.25,,"(829, 386, 383, 383)","(1650, 492, 50, 50)",,0.0,0.08,,0.05,0.17,,0.03,0.05,,0.67,0.07,,0.09,0.31,,0.04,0.06,
0.14,,,"(831, 386, 382, 382)",,,0.0,,,0.08,,,0.04,,,0.56,,,0.1,,,0.08,,
0.18,,,"(829, 386, 385, 385)",,,0.0,,,0.11,,,0.05,,,0.47,,,0.1,,,0.09,,
0.2,,,"(830, 386, 384, 384)",,,0.0,,,0.11,,,0.05,,,0.43,,,0.11,,,0.1,,
0.11,,,"(825, 373, 387, 387)",,,0.0,,,0.04,,,0.01,,,0.74,,,0.08,,,0.03,,
0.11,,,"(825, 373, 387, 387)",,,0.0,,,0.04,,,0.01,,,0.74,,,0.08,,,0.03,,
0.16,,,"(834, 394, 376, 376)",,,0.0,,,0.15,,,0.02,,,0.36,,,0.18,,,0.13,,
0.17,,,"(834, 394, 376, 376)",,,0.0,,,0.15,,,0.02,,,0.37,,,0.18,,,0.12,,
0.15,,,"(834, 394, 376, 376)",,,0.0,,,0.15,,,0.02,,,0.37,,,0.18,,,0.13,,
0.15,,,"(834, 394, 376, 376)",,,0.0,,,0.15,,,0.02,,,0.37,,,0.18,,,0.13,,
0.15,,,"(839, 396, 372, 372)",,,0.0,,,0.06,,,0.03,,,0.49,,,0.1,,,0.16,,
0.09,,,"(838, 392, 372, 372)",,,0.0,,,0.05,,,0.03,,,0.61,,,0.12,,,0.1,,
0.09,,,"(838, 392, 372, 372)",,,0.0,,,0.05,,,0.03,,,0.62,,,0.12,,,0.09,,
0.09,,,"(838, 392, 372, 372)",,,0.0,,,0.05,,,0.03,,,0.63,,,0.12,,,0.09,,
0.11,,,"(827, 365, 388, 388)",,,0.0,,,0.01,,,0.01,,,0.84,,,0.03,,,0.0,,
0.09,,,"(828, 365, 387, 387)",,,0.0,,,0.01,,,0.0,,,0.87,,,0.02,,,0.0,,
0.09,,,"(828, 365, 387, 387)",,,0.0,,,0.01,,,0.0,,,0.87,,,0.02,,,0.0,,
0.1,,,"(827, 365, 389, 389)",,,0.0,,,0.01,,,0.0,,,0.86,,,0.03,,,0.0,,
0.18,,,"(847, 389, 372, 372)",,,0.0,,,0.05,,,0.04,,,0.63,,,0.07,,,0.04,,
0.19,,,"(847, 389, 373, 373)",,,0.0,,,0.04,,,0.04,,,0.61,,,0.07,,,0.05,,
0.19,,,"(847, 389, 373, 373)",,,0.0,,,0.04,,,0.04,,,0.62,,,0.07,,,0.04,,
0.18,,,"(847, 389, 373, 373)",,,0.0,,,0.04,,,0.04,,,0.62,,,0.07,,,0.04,,
0.16,,,"(849, 392, 379, 379)",,,0.0,,,0.03,,,0.03,,,0.68,,,0.08,,,0.02,,
0.18,,,"(848, 392, 379, 379)",,,0.0,,,0.04,,,0.05,,,0.6,,,0.1,,,0.03,,
0.18,,,"(848, 392, 379, 379)",,,0.0,,,0.04,,,0.05,,,0.6,,,0.1,,,0.03,,
0.15,,,"(828, 380, 390, 390)",,,0.0,,,0.08,,,0.06,,,0.55,,,0.12,,,0.05,,
0.15,0.24,,"(828, 380, 389, 389)","(527, 715, 75, 75)",,0.0,0.05,,0.07,0.08,,0.06,0.28,,0.57,0.07,,0.11,0.23,,0.05,0.04,
0.15,0.24,,"(828, 380, 389, 389)","(527, 715, 75, 75)",,0.0,0.05,,0.07,0.08,,0.06,0.29,,0.57,0.07,,0.11,0.23,,0.05,0.04,
0.07,0.21,0.12,"(818, 367, 396, 396)","(528, 716, 73, 73)","(1559, 467, 81, 81)",0.0,0.07,0.0,0.01,0.08,0.27,0.02,0.28,0.02,0.81,0.08,0.35,0.08,0.25,0.17,0.01,0.04,0.07
0.07,0.21,0.12,"(818, 367, 396, 396)","(528, 716, 73, 73)","(1559, 467, 81, 81)",0.0,0.07,0.0,0.01,0.08,0.26,0.02,0.28,0.02,0.81,0.08,0.35,0.08,0.25,0.17,0.01,0.04,0.07
0.05,,,"(821, 376, 383, 383)",,,0.0,,,0.03,,,0.01,,,0.85,,,0.05,,,0.01,,
0.13,,,"(845, 409, 367, 367)",,,0.0,,,0.02,,,0.01,,,0.75,,,0.06,,,0.03,,
0.12,,,"(844, 408, 367, 367)",,,0.0,,,0.03,,,0.01,,,0.73,,,0.08,,,0.03,,
0.12,,,"(844, 408, 367, 367)",,,0.0,,,0.03,,,0.01,,,0.73,,,0.08,,,0.03,,
0.11,0.26,,"(810, 365, 401, 401)","(1557, 466, 84, 84)",,0.0,0.01,,0.04,0.26,,0.04,0.03,,0.72,0.24,,0.06,0.17,,0.03,0.05,
0.1,,,"(810, 364, 400, 400)",,,0.0,,,0.04,,,0.02,,,0.77,,,0.05,,,0.02,,
0.11,,,"(811, 366, 398, 398)",,,0.0,,,0.04,,,0.03,,,0.73,,,0.06,,,0.02,,
0.12,,,"(811, 364, 400, 400)",,,0.0,,,0.04,,,0.04,,,0.72,,,0.06,,,0.02,,
0.11,,,"(816, 383, 381, 381)",,,0.0,,,0.02,,,0.01,,,0.76,,,0.09,,,0.01,,
0.11,,,"(816, 383, 381, 381)",,,0.0,,,0.02,,,0.01,,,0.76,,,0.09,,,0.01,,
0.12,,,"(816, 383, 381, 381)",,,0.0,,,0.02,,,0.01,,,0.75,,,0.09,,,0.01,,
0.11,,,"(816, 383, 381, 381)",,,0.0,,,0.02,,,0.01,,,0.76,,,0.09,,,0.01,,
0.13,0.27,,"(811, 383, 381, 381)","(1072, 475, 153, 153)",,0.0,0.0,,0.02,0.09,,0.0,0.02,,0.74,0.07,,0.09,0.53,,0.01,0.01,
0.13,0.39,,"(811, 383, 381, 381)","(1072, 476, 153, 153)",,0.0,0.0,,0.02,0.07,,0.0,0.03,,0.74,0.12,,0.08,0.38,,0.01,0.01,
0.13,0.23,,"(811, 382, 380, 380)","(1074, 475, 152, 152)",,0.0,0.0,,0.02,0.12,,0.0,0.03,,0.77,0.07,,0.07,0.54,,0.01,0.01,
0.13,0.23,,"(811, 383, 381, 381)","(1074, 475, 152, 152)",,0.0,0.0,,0.02,0.12,,0.0,0.03,,0.74,0.07,,0.09,0.54,,0.01,0.01,
0.24,,,"(841, 420, 364, 364)",,,0.0,,,0.05,,,0.01,,,0.49,,,0.13,,,0.07,,
0.25,,,"(840, 420, 364, 364)",,,0.0,,,0.05,,,0.01,,,0.47,,,0.14,,,0.08,,
0.22,,,"(839, 419, 364, 364)",,,0.0,,,0.04,,,0.0,,,0.51,,,0.13,,,0.09,,
0.22,,,"(839, 419, 364, 364)",,,0.0,,,0.04,,,0.0,,,0.52,,,0.12,,,0.09,,
0.15,0.2,0.22,"(839, 406, 379, 379)","(1649, 489, 52, 52)","(1556, 471, 90, 90)",0.0,0.01,0.0,0.06,0.2,0.2,0.04,0.06,0.05,0.56,0.08,0.17,0.12,0.42,0.33,0.06,0.03,0.03
0.15,0.2,0.22,"(839, 406, 379, 379)","(1649, 489, 52, 52)","(1556, 471, 90, 90)",0.0,0.01,0.0,0.06,0.2,0.2,0.04,0.06,0.05,0.57,0.08,0.17,0.12,0.42,0.33,0.06,0.03,0.03
0.16,0.19,0.22,"(839, 406, 379, 379)","(1648, 488, 54, 54)","(1556, 471, 90, 90)",0.0,0.01,0.0,0.06,0.18,0.19,0.04,0.05,0.05,0.55,0.08,0.16,0.13,0.47,0.33,0.06,0.02,0.04
0.13,0.2,0.22,"(839, 407, 377, 377)","(1649, 489, 52, 52)","(1556, 471, 90, 90)",0.0,0.01,0.0,0.04,0.2,0.2,0.06,0.06,0.05,0.59,0.08,0.16,0.12,0.42,0.33,0.06,0.03,0.04
0.1,,,"(808, 377, 392, 392)",,,0.0,,,0.03,,,0.0,,,0.68,,,0.16,,,0.02,,
0.11,,,"(806, 375, 395, 395)",,,0.0,,,0.03,,,0.01,,,0.66,,,0.17,,,0.02,,
0.09,,,"(809, 376, 393, 393)",,,0.0,,,0.03,,,0.0,,,0.71,,,0.14,,,0.03,,
0.1,,,"(808, 377, 392, 392)",,,0.0,,,0.03,,,0.0,,,0.69,,,0.16,,,0.02,,
0.09,0.12,,"(801, 360, 402, 402)","(1553, 462, 98, 98)",,0.0,0.01,,0.02,0.3,,0.0,0.06,,0.82,0.19,,0.06,0.28,,0.01,0.04,
0.09,0.16,,"(801, 360, 402, 402)","(1554, 464, 97, 97)",,0.0,0.0,,0.02,0.24,,0.0,0.04,,0.82,0.15,,0.06,0.38,,0.01,0.04,
0.09,0.12,,"(803, 361, 399, 399)","(1554, 463, 97, 97)",,0.0,0.0,,0.01,0.3,,0.0,0.04,,0.85,0.16,,0.05,0.34,,0.01,0.03,
0.08,0.11,,"(845, 410, 371, 371)","(1554, 463, 97, 97)",,0.0,0.01,,0.09,0.3,,0.04,0.04,,0.49,0.16,,0.13,0.36,,0.17,0.03,
0.09,,,"(811, 370, 403, 403)",,,0.0,,,0.03,,,0.01,,,0.73,,,0.13,,,0.01,,
0.09,,,"(811, 370, 403, 403)",,,0.0,,,0.03,,,0.01,,,0.73,,,0.13,,,0.01,,
0.09,0.13,,"(811, 370, 403, 403)","(1559, 466, 85, 85)",,0.0,0.01,,0.03,0.24,,0.01,0.05,,0.72,0.31,,0.13,0.22,,0.01,0.04,
0.08,,,"(810, 370, 402, 402)",,,0.0,,,0.03,,,0.01,,,0.74,,,0.12,,,0.01,,
0.05,,,"(808, 368, 399, 399)",,,0.0,,,0.01,,,0.01,,,0.88,,,0.04,,,0.01,,
0.04,,,"(808, 366, 400, 400)",,,0.0,,,0.01,,,0.01,,,0.9,,,0.03,,,0.01,,
0.04,,,"(808, 367, 399, 399)",,,0.0,,,0.01,,,0.01,,,0.91,,,0.03,,,0.01,,
0.04,,,"(808, 367, 399, 399)",,,0.0,,,0.01,,,0.01,,,0.91,,,0.03,,,0.01,,
0.11,,,"(833, 407, 381, 381)",,,0.0,,,0.04,,,0.05,,,0.64,,,0.11,,,0.06,,
0.09,,,"(829, 403, 386, 386)",,,0.0,,,0.05,,,0.06,,,0.64,,,0.09,,,0.07,,
0.08,,,"(829, 403, 386, 386)",,,0.0,,,0.05,,,0.06,,,0.65,,,0.09,,,0.07,,
0.09,,,"(829, 402, 387, 387)",,,0.0,,,0.06,,,0.08,,,0.63,,,0.09,,,0.07,,
0.05,,,"(810, 370, 397, 397)",,,0.0,,,0.02,,,0.01,,,0.85,,,0.06,,,0.01,,
0.05,,,"(810, 370, 397, 397)",,,0.0,,,0.02,,,0.01,,,0.85,,,0.06,,,0.01,,
0.05,,,"(810, 370, 397, 397)",,,0.0,,,0.02,,,0.01,,,0.85,,,0.05,,,0.01,,
0.07,,,"(811, 370, 397, 397)",,,0.0,,,0.02,,,0.01,,,0.83,,,0.07,,,0.01,,
0.08,,,"(814, 373, 391, 391)",,,0.0,,,0.04,,,0.06,,,0.67,,,0.13,,,0.02,,
0.1,,,"(814, 373, 394, 394)",,,0.0,,,0.04,,,0.05,,,0.6,,,0.17,,,0.03,,
0.1,,,"(814, 373, 393, 393)",,,0.0,,,0.05,,,0.06,,,0.63,,,0.14,,,0.03,,
0.08,0.11,,"(814, 373, 391, 391)","(1555, 468, 91, 91)",,0.0,0.0,,0.04,0.2,,0.06,0.04,,0.67,0.18,,0.12,0.39,,0.02,0.08,
0.07,0.16,,"(807, 365, 410, 410)","(516, 707, 93, 93)",,0.0,0.01,,0.02,0.12,,0.02,0.11,,0.74,0.08,,0.12,0.5,,0.02,0.02,
0.08,0.14,,"(807, 365, 410, 410)","(516, 708, 93, 93)",,0.0,0.01,,0.02,0.13,,0.03,0.1,,0.73,0.07,,0.12,0.52,,0.02,0.02,
0.08,0.14,,"(807, 364, 411, 411)","(516, 708, 93, 93)",,0.0,0.01,,0.02,0.13,,0.02,0.11,,0.75,0.07,,0.11,0.53,,0.02,0.02,
0.1,0.14,,"(807, 365, 411, 411)","(516, 708, 93, 93)",,0.0,0.01,,0.02,0.13,,0.02,0.1,,0.73,0.07,,0.1,0.53,,0.02,0.02,
0.13,,,"(839, 409, 379, 379)",,,0.0,,,0.05,,,0.02,,,0.64,,,0.09,,,0.07,,
0.13,,,"(839, 409, 379, 379)",,,0.0,,,0.05,,,0.02,,,0.64,,,0.09,,,0.07,,
0.17,,,"(841, 414, 374, 374)",,,0.0,,,0.03,,,0.02,,,0.64,,,0.11,,,0.03,,
0.15,,,"(840, 412, 378, 378)",,,0.0,,,0.02,,,0.01,,,0.68,,,0.12,,,0.02,,
0.06,,,"(830, 399, 392, 392)",,,0.0,,,0.06,,,0.14,,,0.55,,,0.1,,,0.09,,
0.06,,,"(830, 399, 391, 391)",,,0.0,,,0.06,,,0.11,,,0.57,,,0.1,,,0.1,,
0.07,,,"(831, 399, 390, 390)",,,0.0,,,0.06,,,0.1,,,0.57,,,0.1,,,0.09,,
0.08,,,"(828, 395, 395, 395)",,,0.0,,,0.07,,,0.11,,,0.5,,,0.12,,,0.12,,
0.08,,,"(834, 400, 388, 388)",,,0.0,,,0.08,,,0.22,,,0.4,,,0.09,,,0.13,,
0.09,,,"(832, 398, 390, 390)",,,0.0,,,0.08,,,0.14,,,0.45,,,0.08,,,0.17,,
0.09,,,"(832, 398, 390, 390)",,,0.0,,,0.08,,,0.14,,,0.45,,,0.08,,,0.16,,
0.09,,,"(832, 398, 390, 390)",,,0.0,,,0.08,,,0.14,,,0.44,,,0.08,,,0.17,,
0.1,,,"(831, 395, 395, 395)",,,0.0,,,0.04,,,0.13,,,0.57,,,0.07,,,0.09,,
0.1,,,"(831, 395, 395, 395)",,,0.0,,,0.04,,,0.12,,,0.57,,,0.07,,,0.09,,
0.09,,,"(832, 396, 394, 394)",,,0.0,,,0.04,,,0.1,,,0.6,,,0.06,,,0.1,,
0.1,,,"(831, 395, 395, 395)",,,0.0,,,0.04,,,0.12,,,0.58,,,0.07,,,0.09,,
0.08,,,"(811, 368, 400, 400)",,,0.0,,,0.03,,,0.02,,,0.77,,,0.08,,,0.01,,
0.1,,,"(811, 368, 401, 401)",,,0.0,,,0.04,,,0.02,,,0.73,,,0.09,,,0.02,,
0.08,,,"(811, 368, 400, 400)",,,0.0,,,0.03,,,0.02,,,0.77,,,0.08,,,0.01,,
0.08,,,"(811, 368, 400, 400)",,,0.0,,,0.03,,,0.03,,,0.77,,,0.08,,,0.01,,
0.13,,,"(832, 404, 378, 378)",,,0.0,,,0.08,,,0.1,,,0.45,,,0.1,,,0.14,,
0.12,,,"(833, 404, 376, 376)",,,0.0,,,0.06,,,0.09,,,0.53,,,0.09,,,0.12,,
0.1,,,"(833, 403, 376, 376)",,,0.0,,,0.08,,,0.08,,,0.5,,,0.09,,,0.16,,
0.08,,,"(832, 401, 378, 378)",,,0.0,,,0.07,,,0.08,,,0.52,,,0.07,,,0.18,,
0.12,,,"(833, 396, 379, 379)",,,0.0,,,0.06,,,0.05,,,0.52,,,0.14,,,0.12,,
0.12,,,"(833, 396, 379, 379)",,,0.0,,,0.06,,,0.05,,,0.52,,,0.14,,,0.12,,
0.14,,,"(834, 396, 380, 380)",,,0.0,,,0.08,,,0.05,,,0.45,,,0.15,,,0.14,,
0.14,,,"(833, 395, 380, 380)",,,0.0,,,0.06,,,0.04,,,0.49,,,0.15,,,0.12,,
0.02,,,"(811, 374, 391, 391)",,,0.0,,,0.01,,,0.46,,,0.46,,,0.04,,,0.01,,
0.02,,,"(811, 374, 391, 391)",,,0.0,,,0.01,,,0.44,,,0.47,,,0.04,,,0.01,,
0.02,,,"(811, 374, 391, 391)",,,0.0,,,0.01,,,0.44,,,0.47,,,0.04,,,0.01,,
0.03,,,"(810, 373, 393, 393)",,,0.0,,,0.01,,,0.35,,,0.55,,,0.05,,,0.01,,
0.02,,,"(811, 374, 390, 390)",,,0.0,,,0.01,,,0.33,,,0.58,,,0.05,,,0.01,,
0.0,,,"(818, 379, 384, 384)",,,0.0,,,0.0,,,0.97,,,0.02,,,0.01,,,0.0,,
0.0,,,"(818, 379, 384, 384)",,,0.0,,,0.0,,,0.97,,,0.02,,,0.01,,,0.0,,
0.0,,,"(818, 379, 384, 384)",,,0.0,,,0.0,,,0.97,,,0.02,,,0.0,,,0.0,,
0.0,,,"(828, 390, 378, 378)",,,0.0,,,0.0,,,0.99,,,0.0,,,0.0,,,0.0,,
0.0,,,"(828, 390, 378, 378)",,,0.0,,,0.0,,,0.99,,,0.0,,,0.0,,,0.0,,
0.0,,,"(827, 389, 381, 381)",,,0.0,,,0.0,,,0.99,,,0.0,,,0.0,,,0.0,,
0.0,,,"(827, 389, 381, 381)",,,0.0,,,0.0,,,0.99,,,0.0,,,0.0,,,0.0,,
0.0,,,"(830, 390, 379, 379)",,,0.0,,,0.0,,,1.0,,,0.0,,,0.0,,,0.0,,
0.0,,,"(840, 389, 380, 380)",,,0.0,,,0.0,,,1.0,,,0.0,,,0.0,,,0.0,,
0.0,,,"(830, 390, 379, 379)",,,0.0,,,0.0,,,1.0,,,0.0,,,0.0,,,0.0,,
0.0,,,"(830, 390, 379, 379)",,,0.0,,,0.0,,,1.0,,,0.0,,,0.0,,,0.0,,
0.0,,,"(818, 373, 389, 389)",,,0.0,,,0.0,,,0.99,,,0.0,,,0.0,,,0.0,,
0.0,,,"(820, 373, 388, 388)",,,0.0,,,0.0,,,0.99,,,0.01,,,0.0,,,0.0,,
0.0,,,"(820, 373, 388, 388)",,,0.0,,,0.0,,,0.99,,,0.01,,,0.0,,,0.0,,
0.0,,,"(820, 374, 387, 387)",,,0.0,,,0.0,,,0.99,,,0.0,,,0.0,,,0.0,,
0.0,0.1,,"(818, 373, 386, 386)","(1557, 465, 87, 87)",,0.0,0.01,,0.0,0.21,,1.0,0.05,,0.0,0.29,,0.0,0.32,,0.0,0.02,
0.0,0.1,,"(818, 372, 388, 388)","(1557, 465, 87, 87)",,0.0,0.01,,0.0,0.21,,1.0,0.05,,0.0,0.28,,0.0,0.32,,0.0,0.02,
0.0,0.08,,"(819, 373, 385, 385)","(1555, 462, 90, 90)",,0.0,0.01,,0.0,0.25,,1.0,0.07,,0.0,0.25,,0.0,0.29,,0.0,0.04,
0.0,0.1,,"(818, 373, 385, 385)","(1557, 465, 87, 87)",,0.0,0.01,,0.0,0.21,,1.0,0.05,,0.0,0.28,,0.0,0.32,,0.0,0.02,
0.0,0.14,,"(833, 391, 379, 379)","(1558, 468, 82, 82)",,0.0,0.0,,0.0,0.18,,1.0,0.04,,0.0,0.41,,0.0,0.18,,0.0,0.06,
0.0,0.15,0.1,"(832, 391, 380, 380)","(1559, 467, 82, 82)","(990, 676, 139, 139)",0.0,0.0,0.0,0.0,0.24,0.09,1.0,0.03,0.31,0.0,0.36,0.07,0.0,0.18,0.41,0.0,0.03,0.02
0.0,0.17,,"(833, 391, 378, 378)","(1558, 467, 82, 82)",,0.0,0.0,,0.0,0.23,,1.0,0.03,,0.0,0.36,,0.0,0.17,,0.0,0.04,
0.0,0.17,,"(833, 391, 379, 379)","(1558, 467, 82, 82)",,0.0,0.0,,0.0,0.22,,1.0,0.03,,0.0,0.37,,0.0,0.18,,0.0,0.04,
0.0,0.11,0.14,"(832, 392, 377, 377)","(531, 720, 65, 65)","(1557, 464, 87, 87)",0.0,0.09,0.0,0.0,0.07,0.24,1.0,0.32,0.05,0.0,0.07,0.3,0.0,0.32,0.22,0.0,0.03,0.04
0.0,0.11,0.16,"(832, 391, 377, 377)","(534, 721, 63, 63)","(1557, 464, 88, 88)",0.0,0.06,0.01,0.0,0.09,0.24,1.0,0.31,0.03,0.0,0.05,0.24,0.0,0.35,0.26,0.0,0.03,0.06
0.0,0.11,0.16,"(832, 391, 377, 377)","(534, 721, 63, 63)","(1557, 464, 87, 87)",0.0,0.06,0.0,0.0,0.09,0.22,1.0,0.31,0.05,0.0,0.05,0.29,0.0,0.34,0.23,0.0,0.03,0.05
0.0,0.11,0.14,"(831, 391, 378, 378)","(535, 721, 63, 63)","(1558, 464, 87, 87)",0.0,0.06,0.0,0.0,0.1,0.24,1.0,0.3,0.04,0.0,0.06,0.28,0.0,0.33,0.25,0.0,0.05,0.04
0.0,,,"(819, 372, 389, 389)",,,0.0,,,0.0,,,1.0,,,0.0,,,0.0,,,0.0,,
0.0,,,"(817, 372, 391, 391)",,,0.0,,,0.0,,,1.0,,,0.0,,,0.0,,,0.0,,
0.0,,,"(821, 371, 389, 389)",,,0.0,,,0.0,,,1.0,,,0.0,,,0.0,,,0.0,,
0.0,,,"(821, 371, 389, 389)",,,0.0,,,0.0,,,1.0,,,0.0,,,0.0,,,0.0,,
0.0,0.22,0.09,"(838, 395, 367, 367)","(987, 675, 145, 145)","(1557, 466, 88, 88)",0.0,0.0,0.0,0.0,0.08,0.33,1.0,0.27,0.02,0.0,0.06,0.28,0.0,0.34,0.24,0.0,0.02,0.04
0.0,0.23,0.09,"(838, 395, 367, 367)","(987, 675, 145, 145)","(1557, 466, 88, 88)",0.0,0.0,0.0,0.0,0.08,0.32,1.0,0.28,0.02,0.0,0.06,0.28,0.0,0.34,0.24,0.0,0.02,0.04
0.0,0.22,,"(840, 396, 364, 364)","(988, 675, 144, 144)",,0.0,0.0,,0.0,0.08,,1.0,0.32,,0.0,0.05,,0.0,0.3,,0.0,0.02,
0.0,0.22,,"(840, 396, 364, 364)","(987, 675, 145, 145)",,0.0,0.0,,0.0,0.08,,1.0,0.27,,0.0,0.06,,0.0,0.34,,0.0,0.02,
0.0,,,"(827, 386, 386, 386)",,,0.0,,,0.0,,,1.0,,,0.0,,,0.0,,,0.0,,
0.0,,,"(827, 385, 386, 386)",,,0.0,,,0.0,,,1.0,,,0.0,,,0.0,,,0.0,,
0.0,,,"(828, 387, 386, 386)",,,0.0,,,0.0,,,1.0,,,0.0,,,0.0,,,0.0,,
0.0,,,"(827, 386, 386, 386)",,,0.0,,,0.0,,,1.0,,,0.0,,,0.0,,,0.0,,
0.0,,,"(840, 384, 382, 382)",,,0.0,,,0.0,,,1.0,,,0.0,,,0.0,,,0.0,,
0.0,,,"(840, 384, 382, 382)",,,0.0,,,0.0,,,1.0,,,0.0,,,0.0,,,0.0,,
0.0,,,"(840, 386, 378, 378)",,,0.0,,,0.0,,,1.0,,,0.0,,,0.0,,,0.0,,
0.0,,,"(840, 385, 379, 379)",,,0.0,,,0.0,,,1.0,,,0.0,,,0.0,,,0.0,,
0.0,,,"(840, 384, 382, 382)",,,0.0,,,0.0,,,1.0,,,0.0,,,0.0,,,0.0,,
0.0,,,"(815, 372, 392, 392)",,,0.0,,,0.0,,,1.0,,,0.0,,,0.0,,,0.0,,
0.0,0.13,,"(816, 373, 389, 389)","(1558, 467, 86, 86)",,0.0,0.01,,0.0,0.25,,1.0,0.05,,0.0,0.24,,0.0,0.26,,0.0,0.06,
0.0,,,"(815, 372, 391, 391)",,,0.0,,,0.0,,,1.0,,,0.0,,,0.0,,,0.0,,
0.0,,,"(815, 373, 391, 391)",,,0.0,,,0.0,,,1.0,,,0.0,,,0.0,,,0.0,,
0.0,,,"(817, 374, 384, 384)",,,0.0,,,0.0,,,1.0,,,0.0,,,0.0,,,0.0,,
0.0,,,"(817, 374, 384, 384)",,,0.0,,,0.0,,,1.0,,,0.0,,,0.0,,,0.0,,
0.0,,,"(817, 374, 384, 384)",,,0.0,,,0.0,,,1.0,,,0.0,,,0.0,,,0.0,,
0.0,0.14,0.16,"(820, 379, 386, 386)","(1649, 492, 53, 53)","(1556, 467, 88, 88)",0.0,0.01,0.01,0.0,0.17,0.17,1.0,0.03,0.02,0.0,0.06,0.33,0.0,0.57,0.24,0.0,0.02,0.06
0.0,0.14,0.16,"(817, 377, 388, 388)","(1649, 492, 53, 53)","(1556, 467, 88, 88)",0.0,0.01,0.01,0.0,0.17,0.17,1.0,0.03,0.02,0.0,0.06,0.34,0.0,0.57,0.24,0.0,0.02,0.06
0.0,0.16,0.16,"(814, 371, 388, 388)","(1648, 492, 52, 52)","(1556, 467, 89, 89)",0.0,0.01,0.01,0.0,0.15,0.2,1.0,0.06,0.02,0.0,0.07,0.29,0.0,0.52,0.25,0.0,0.03,0.07
0.0,0.14,,"(814, 375, 391, 391)","(1649, 492, 53, 53)",,0.0,0.01,,0.0,0.17,,1.0,0.03,,0.0,0.06,,0.0,0.57,,0.0,0.02,
0.0,,,"(817, 373, 387, 387)",,,0.0,,,0.0,,,1.0,,,0.0,,,0.0,,,0.0,,
0.0,,,"(817, 373, 389, 389)",,,0.0,,,0.0,,,0.99,,,0.01,,,0.0,,,0.0,,
0.0,,,"(818, 373, 386, 386)",,,0.0,,,0.0,,,1.0,,,0.0,,,0.0,,,0.0,,
0.0,,,"(818, 374, 385, 385)",,,0.0,,,0.0,,,0.99,,,0.01,,,0.0,,,0.0,,
0.0,,,"(824, 385, 384, 384)",,,0.0,,,0.0,,,1.0,,,0.0,,,0.0,,,0.0,,
0.0,0.42,,"(824, 386, 383, 383)","(1685, 686, 87, 87)",,0.0,0.0,,0.0,0.12,,1.0,0.08,,0.0,0.06,,0.0,0.31,,0.0,0.0,
0.0,0.42,,"(824, 385, 384, 384)","(1685, 686, 88, 88)",,0.0,0.0,,0.0,0.13,,1.0,0.08,,0.0,0.06,,0.0,0.3,,0.0,0.0,
0.0,,,"(824, 385, 384, 384)",,,0.0,,,0.0,,,1.0,,,0.0,,,0.0,,,0.0,,
0.0,,,"(827, 389, 383, 383)",,,0.0,,,0.0,,,1.0,,,0.0,,,0.0,,,0.0,,
0.0,,,"(827, 389, 383, 383)",,,0.0,,,0.0,,,1.0,,,0.0,,,0.0,,,0.0,,
0.0,,,"(827, 389, 383, 383)",,,0.0,,,0.0,,,1.0,,,0.0,,,0.0,,,0.0,,
0.0,,,"(828, 388, 382, 382)",,,0.0,,,0.0,,,1.0,,,0.0,,,0.0,,,0.0,,
0.0,,,"(828, 388, 382, 382)",,,0.0,,,0.0,,,1.0,,,0.0,,,0.0,,,0.0,,
0.0,0.18,,"(832, 390, 376, 376)","(1643, 491, 53, 53)",,0.0,0.01,,0.0,0.2,,1.0,0.02,,0.0,0.05,,0.0,0.52,,0.0,0.01,
0.0,,,"(835, 389, 377, 377)",,,0.0,,,0.0,,,1.0,,,0.0,,,0.0,,,0.0,,
0.0,0.17,,"(835, 390, 376, 376)","(1644, 492, 51, 51)",,0.0,0.01,,0.0,0.18,,1.0,0.03,,0.0,0.05,,0.0,0.54,,0.0,0.02,
0.0,0.16,,"(835, 390, 376, 376)","(1643, 492, 51, 51)",,0.0,0.02,,0.0,0.19,,1.0,0.03,,0.0,0.05,,0.0,0.55,,0.0,0.01,
0.0,0.15,,"(817, 374, 385, 385)","(1559, 465, 85, 85)",,0.0,0.01,,0.0,0.22,,0.99,0.04,,0.01,0.27,,0.0,0.3,,0.0,0.02,
0.0,0.15,,"(817, 374, 385, 385)","(1559, 465, 85, 85)",,0.0,0.01,,0.0,0.22,,0.99,0.04,,0.01,0.27,,0.0,0.3,,0.0,0.02,
0.0,0.16,,"(816, 375, 387, 387)","(1559, 465, 84, 84)",,0.0,0.0,,0.0,0.27,,1.0,0.03,,0.0,0.26,,0.0,0.26,,0.0,0.02,
0.0,,,"(817, 374, 388, 388)",,,0.0,,,0.0,,,1.0,,,0.0,,,0.0,,,0.0,,
0.0,,,"(817, 374, 388, 388)",,,0.0,,,0.0,,,1.0,,,0.0,,,0.0,,,0.0,,
0.0,,,"(818, 374, 388, 388)",,,0.0,,,0.0,,,1.0,,,0.0,,,0.0,,,0.0,,
0.0,,,"(817, 374, 388, 388)",,,0.0,,,0.0,,,1.0,,,0.0,,,0.0,,,0.0,,
0.0,,,"(839, 390, 376, 376)",,,0.0,,,0.0,,,0.99,,,0.0,,,0.0,,,0.0,,
0.0,,,"(840, 390, 377, 377)",,,0.0,,,0.0,,,1.0,,,0.0,,,0.0,,,0.0,,
0.0,,,"(838, 390, 376, 376)",,,0.0,,,0.0,,,0.99,,,0.0,,,0.0,,,0.0,,
0.0,,,"(838, 390, 376, 376)",,,0.0,,,0.0,,,0.99,,,0.0,,,0.0,,,0.0,,
0.0,0.17,,"(816, 371, 391, 391)","(991, 680, 141, 141)",,0.0,0.0,,0.0,0.13,,1.0,0.23,,0.0,0.07,,0.0,0.37,,0.0,0.04,
0.0,0.15,,"(817, 371, 391, 391)","(990, 678, 144, 144)",,0.0,0.0,,0.0,0.15,,1.0,0.27,,0.0,0.07,,0.0,0.3,,0.0,0.05,
0.0,0.17,,"(817, 371, 391, 391)","(990, 678, 144, 144)",,0.0,0.0,,0.0,0.15,,1.0,0.28,,0.0,0.07,,0.0,0.28,,0.0,0.05,
0.0,0.15,,"(816, 370, 392, 392)","(990, 678, 143, 143)",,0.0,0.0,,0.0,0.14,,1.0,0.26,,0.0,0.09,,0.0,0.32,,0.0,0.04,
0.0,,,"(819, 373, 387, 387)",,,0.0,,,0.0,,,0.99,,,0.01,,,0.0,,,0.0,,
0.0,,,"(819, 373, 386, 386)",,,0.0,,,0.0,,,0.99,,,0.01,,,0.0,,,0.0,,
0.0,,,"(819, 374, 385, 385)",,,0.0,,,0.0,,,0.99,,,0.01,,,0.0,,,0.0,,
0.0,,,"(818, 373, 387, 387)",,,0.0,,,0.0,,,0.99,,,0.01,,,0.0,,,0.0,,
0.0,,,"(818, 373, 387, 387)",,,0.0,,,0.0,,,0.99,,,0.01,,,0.0,,,0.0,,
0.0,,,"(836, 387, 382, 382)",,,0.0,,,0.0,,,1.0,,,0.0,,,0.0,,,0.0,,
0.0,,,"(836, 387, 382, 382)",,,0.0,,,0.0,,,1.0,,,0.0,,,0.0,,,0.0,,
0.0,,,"(836, 387, 381, 381)",,,0.0,,,0.0,,,1.0,,,0.0,,,0.0,,,0.0,,
0.0,,,"(837, 386, 382, 382)",,,0.0,,,0.0,,,1.0,,,0.0,,,0.0,,,0.0,,
0.0,,,"(813, 373, 400, 400)",,,0.0,,,0.0,,,1.0,,,0.0,,,0.0,,,0.0,,
0.0,,,"(813, 372, 401, 401)",,,0.0,,,0.0,,,1.0,,,0.0,,,0.0,,,0.0,,
0.0,,,"(813, 373, 400, 400)",,,0.0,,,0.0,,,1.0,,,0.0,,,0.0,,,0.0,,
0.0,,,"(840, 392, 376, 376)",,,0.0,,,0.0,,,1.0,,,0.0,,,0.0,,,0.0,,
0.0,,,"(839, 392, 377, 377)",,,0.0,,,0.0,,,1.0,,,0.0,,,0.0,,,0.0,,
0.0,,,"(839, 391, 378, 378)",,,0.0,,,0.0,,,1.0,,,0.0,,,0.0,,,0.0,,
0.0,,,"(839, 391, 378, 378)",,,0.0,,,0.0,,,1.0,,,0.0,,,0.0,,,0.0,,
0.0,,,"(840, 386, 387, 387)",,,0.0,,,0.0,,,0.99,,,0.0,,,0.0,,,0.0,,
0.0,,,"(840, 386, 386, 386)",,,0.0,,,0.0,,,1.0,,,0.0,,,0.0,,,0.0,,
0.0,,,"(816, 372, 398, 398)",,,0.0,,,0.0,,,1.0,,,0.0,,,0.0,,,0.0,,
0.0,,,"(842, 391, 377, 377)",,,0.0,,,0.0,,,1.0,,,0.0,,,0.0,,,0.0,,
0.0,,,"(818, 375, 387, 387)",,,0.0,,,0.0,,,0.99,,,0.01,,,0.0,,,0.0,,
0.0,,,"(820, 376, 384, 384)",,,0.0,,,0.0,,,0.99,,,0.01,,,0.0,,,0.0,,
0.0,,,"(819, 376, 385, 385)",,,0.0,,,0.0,,,0.99,,,0.01,,,0.0,,,0.0,,
0.0,,,"(819, 376, 385, 385)",,,0.0,,,0.0,,,0.99,,,0.01,,,0.0,,,0.0,,
0.0,,,"(819, 376, 385, 385)",,,0.0,,,0.0,,,0.99,,,0.01,,,0.0,,,0.0,,
0.0,,,"(816, 372, 392, 392)",,,0.0,,,0.0,,,1.0,,,0.0,,,0.0,,,0.0,,
0.0,,,"(816, 372, 392, 392)",,,0.0,,,0.0,,,1.0,,,0.0,,,0.0,,,0.0,,
0.0,,,"(816, 372, 392, 392)",,,0.0,,,0.0,,,0.99,,,0.0,,,0.0,,,0.0,,
0.0,,,"(816, 372, 392, 392)",,,0.0,,,0.0,,,1.0,,,0.0,,,0.0,,,0.0,,
0.0,0.16,,"(828, 386, 385, 385)","(1558, 464, 87, 87)",,0.0,0.0,,0.0,0.24,,1.0,0.08,,0.0,0.27,,0.0,0.2,,0.0,0.06,
0.0,0.15,,"(828, 386, 385, 385)","(1559, 464, 86, 86)",,0.0,0.0,,0.0,0.24,,1.0,0.08,,0.0,0.27,,0.0,0.2,,0.0,0.06,
0.0,0.15,,"(827, 386, 386, 386)","(1559, 464, 86, 86)",,0.0,0.0,,0.0,0.23,,1.0,0.09,,0.0,0.28,,0.0,0.2,,0.0,0.06,
0.0,0.13,,"(829, 388, 383, 383)","(1557, 463, 90, 90)",,0.0,0.0,,0.0,0.36,,0.99,0.04,,0.01,0.19,,0.0,0.21,,0.0,0.06,
0.0,0.13,,"(829, 389, 382, 382)","(1557, 463, 90, 90)",,0.0,0.0,,0.0,0.37,,0.99,0.05,,0.0,0.19,,0.0,0.21,,0.0,0.06,
0.0,0.13,,"(828, 388, 383, 383)","(1557, 463, 90, 90)",,0.0,0.0,,0.0,0.36,,0.99,0.05,,0.0,0.19,,0.0,0.22,,0.0,0.06,
0.0,0.14,,"(829, 389, 382, 382)","(1557, 463, 90, 90)",,0.0,0.0,,0.0,0.35,,0.99,0.04,,0.0,0.19,,0.0,0.21,,0.0,0.06,
0.0,0.26,0.2,"(825, 382, 388, 388)","(1555, 465, 93, 93)","(513, 711, 93, 93)",0.0,0.01,0.03,0.0,0.18,0.12,1.0,0.06,0.14,0.0,0.24,0.06,0.0,0.21,0.41,0.0,0.04,0.04
0.0,0.21,0.22,"(826, 382, 387, 387)","(1554, 465, 94, 94)","(512, 711, 92, 92)",0.0,0.0,0.03,0.0,0.19,0.14,0.99,0.07,0.13,0.0,0.21,0.07,0.0,0.27,0.38,0.0,0.05,0.03
0.0,0.2,0.21,"(826, 382, 387, 387)","(1554, 465, 94, 94)","(512, 710, 94, 94)",0.0,0.0,0.02,0.0,0.19,0.14,0.99,0.06,0.14,0.0,0.21,0.07,0.0,0.28,0.38,0.0,0.05,0.04
0.0,0.22,0.25,"(826, 382, 387, 387)","(1555, 466, 92, 92)","(512, 711, 92, 92)",0.0,0.0,0.03,0.0,0.17,0.13,0.99,0.06,0.13,0.0,0.26,0.06,0.0,0.24,0.36,0.0,0.05,0.03
0.0,,,"(817, 373, 388, 388)",,,0.0,,,0.0,,,0.99,,,0.01,,,0.0,,,0.0,,
0.0,,,"(817, 373, 388, 388)",,,0.0,,,0.0,,,0.99,,,0.01,,,0.0,,,0.0,,
0.0,,,"(817, 373, 389, 389)",,,0.0,,,0.0,,,0.99,,,0.01,,,0.0,,,0.0,,
0.0,,,"(831, 388, 380, 380)",,,0.0,,,0.0,,,0.99,,,0.0,,,0.0,,,0.0,,
0.0,,,"(837, 382, 389, 389)",,,0.0,,,0.0,,,1.0,,,0.0,,,0.0,,,0.0,,
0.0,,,"(837, 381, 390, 390)",,,0.0,,,0.0,,,1.0,,,0.0,,,0.0,,,0.0,,
0.0,0.15,,"(825, 381, 388, 388)","(1558, 466, 83, 83)",,0.0,0.0,,0.0,0.24,,1.0,0.07,,0.0,0.32,,0.0,0.15,,0.0,0.06,
0.0,0.15,,"(825, 381, 388, 388)","(1558, 466, 83, 83)",,0.0,0.0,,0.0,0.25,,1.0,0.07,,0.0,0.32,,0.0,0.15,,0.0,0.05,
0.0,0.15,,"(826, 383, 385, 385)","(1558, 466, 83, 83)",,0.0,0.0,,0.0,0.25,,1.0,0.06,,0.0,0.32,,0.0,0.17,,0.0,0.06,
0.0,0.31,,"(829, 389, 375, 375)","(1890, 927, 71, 71)",,0.0,0.03,,0.0,0.04,,0.99,0.08,,0.01,0.04,,0.0,0.44,,0.0,0.06,
0.0,0.31,,"(815, 375, 389, 389)","(1890, 927, 71, 71)",,0.0,0.03,,0.0,0.04,,0.97,0.08,,0.02,0.04,,0.0,0.43,,0.0,0.07,
0.0,0.31,,"(829, 388, 376, 376)","(1890, 927, 71, 71)",,0.0,0.03,,0.0,0.04,,0.99,0.07,,0.0,0.04,,0.0,0.45,,0.0,0.06,
0.0,0.31,,"(829, 388, 376, 376)","(1890, 927, 71, 71)",,0.0,0.03,,0.0,0.04,,0.99,0.08,,0.01,0.04,,0.0,0.43,,0.0,0.06,
0.12,,,"(832, 383, 372, 372)",,,0.0,,,0.03,,,0.16,,,0.6,,,0.06,,,0.03,,
0.12,,,"(832, 383, 372, 372)",,,0.0,,,0.03,,,0.16,,,0.6,,,0.06,,,0.03,,
0.12,,,"(832, 383, 372, 372)",,,0.0,,,0.03,,,0.16,,,0.6,,,0.06,,,0.03,,
0.12,,,"(832, 383, 372, 372)",,,0.0,,,0.03,,,0.16,,,0.6,,,0.06,,,0.03,,
0.16,0.07,0.16,"(825, 378, 383, 383)","(1556, 464, 92, 92)","(526, 719, 72, 72)",0.0,0.01,0.25,0.01,0.29,0.06,0.0,0.03,0.24,0.76,0.31,0.04,0.06,0.26,0.23,0.01,0.04,0.02
0.24,0.18,0.07,"(823, 377, 383, 383)","(525, 719, 73, 73)","(1556, 465, 91, 91)",0.0,0.26,0.0,0.02,0.07,0.27,0.01,0.19,0.03,0.66,0.04,0.3,0.06,0.24,0.3,0.01,0.02,0.04
0.23,0.07,0.16,"(823, 377, 383, 383)","(1556, 465, 91, 91)","(526, 719, 72, 72)",0.0,0.0,0.24,0.02,0.28,0.07,0.01,0.02,0.22,0.66,0.29,0.05,0.06,0.3,0.24,0.01,0.04,0.02
0.28,0.11,,"(820, 381, 388, 388)","(1556, 465, 89, 89)",,0.0,0.01,,0.07,0.25,,0.09,0.03,,0.33,0.29,,0.1,0.23,,0.12,0.08,
0.39,0.1,0.22,"(820, 380, 387, 387)","(1556, 465, 88, 88)","(521, 712, 80, 80)",0.0,0.01,0.04,0.05,0.24,0.09,0.06,0.03,0.15,0.34,0.32,0.11,0.08,0.21,0.37,0.09,0.08,0.02
0.38,0.11,,"(820, 380, 387, 387)","(1556, 465, 88, 88)",,0.0,0.01,,0.05,0.23,,0.06,0.03,,0.35,0.33,,0.08,0.2,,0.09,0.08,
0.37,0.22,,"(820, 380, 387, 387)","(522, 712, 79, 79)",,0.0,0.04,,0.05,0.09,,0.06,0.18,,0.35,0.12,,0.08,0.34,,0.09,0.01,
0.2,,,"(818, 381, 390, 390)",,,0.01,,,0.11,,,0.08,,,0.24,,,0.11,,,0.25,,
0.23,,,"(819, 382, 389, 389)",,,0.01,,,0.1,,,0.12,,,0.22,,,0.1,,,0.23,,
0.23,,,"(819, 382, 389, 389)",,,0.01,,,0.1,,,0.11,,,0.21,,,0.1,,,0.23,,
0.23,,,"(819, 382, 389, 389)",,,0.01,,,0.1,,,0.12,,,0.22,,,0.1,,,0.23,,
0.25,,,"(815, 363, 402, 402)",,,0.0,,,0.08,,,0.07,,,0.44,,,0.07,,,0.09,,
0.28,,,"(814, 363, 403, 403)",,,0.0,,,0.08,,,0.07,,,0.42,,,0.08,,,0.08,,
0.28,,,"(814, 363, 403, 403)",,,0.0,,,0.08,,,0.07,,,0.41,,,0.07,,,0.09,,
0.28,,,"(815, 364, 401, 401)",,,0.0,,,0.08,,,0.06,,,0.41,,,0.07,,,0.09,,
0.25,,,"(813, 362, 404, 404)",,,0.0,,,0.1,,,0.07,,,0.41,,,0.09,,,0.08,,
0.32,0.15,,"(812, 365, 405, 405)","(1651, 492, 52, 52)",,0.0,0.01,,0.13,0.16,,0.06,0.06,,0.27,0.14,,0.14,0.44,,0.08,0.04,
0.32,0.15,,"(812, 365, 405, 405)","(1651, 492, 52, 52)",,0.0,0.01,,0.13,0.16,,0.06,0.06,,0.27,0.14,,0.14,0.44,,0.08,0.04,
0.3,0.15,,"(812, 365, 404, 404)","(1651, 492, 52, 52)",,0.0,0.01,,0.15,0.17,,0.04,0.06,,0.27,0.14,,0.16,0.44,,0.07,0.04,
0.35,0.15,,"(813, 366, 404, 404)","(1651, 492, 52, 52)",,0.0,0.01,,0.13,0.16,,0.05,0.06,,0.27,0.14,,0.12,0.45,,0.08,0.03,
0.35,,,"(830, 401, 390, 390)",,,0.0,,,0.06,,,0.02,,,0.25,,,0.14,,,0.19,,
0.31,,,"(830, 400, 392, 392)",,,0.0,,,0.06,,,0.03,,,0.26,,,0.14,,,0.2,,
0.35,,,"(830, 401, 390, 390)",,,0.0,,,0.06,,,0.02,,,0.25,,,0.14,,,0.19,,
0.29,,,"(817, 394, 408, 408)",,,0.0,,,0.05,,,0.02,,,0.41,,,0.11,,,0.12,,
0.29,,,"(817, 394, 408, 408)",,,0.0,,,0.05,,,0.02,,,0.4,,,0.11,,,0.12,,
0.29,,,"(817, 394, 408, 408)",,,0.0,,,0.05,,,0.02,,,0.4,,,0.11,,,0.12,,
0.29,,,"(817, 394, 408, 408)",,,0.0,,,0.05,,,0.02,,,0.4,,,0.11,,,0.12,,
0.41,,,"(816, 380, 404, 404)",,,0.0,,,0.05,,,0.0,,,0.31,,,0.19,,,0.04,,
0.42,,,"(816, 380, 403, 403)",,,0.0,,,0.05,,,0.0,,,0.29,,,0.19,,,0.04,,
0.39,,,"(817, 380, 402, 402)",,,0.0,,,0.05,,,0.0,,,0.35,,,0.18,,,0.03,,
0.38,,,"(819, 381, 399, 399)",,,0.0,,,0.05,,,0.01,,,0.36,,,0.17,,,0.03,,
0.37,,,"(814, 379, 407, 407)",,,0.0,,,0.08,,,0.02,,,0.2,,,0.28,,,0.05,,
0.37,,,"(814, 379, 407, 407)",,,0.0,,,0.08,,,0.02,,,0.2,,,0.28,,,0.05,,
0.37,,,"(814, 379, 407, 407)",,,0.0,,,0.08,,,0.02,,,0.21,,,0.29,,,0.05,,
0.34,,,"(813, 379, 407, 407)",,,0.0,,,0.08,,,0.02,,,0.23,,,0.26,,,0.06,,
0.37,,,"(814, 379, 407, 407)",,,0.0,,,0.08,,,0.02,,,0.21,,,0.28,,,0.05,,
0.46,,,"(807, 373, 421, 421)",,,0.0,,,0.05,,,0.03,,,0.26,,,0.15,,,0.06,,
0.44,,,"(807, 374, 419, 419)",,,0.0,,,0.06,,,0.02,,,0.28,,,0.13,,,0.07,,
0.44,,,"(807, 374, 419, 419)",,,0.0,,,0.06,,,0.02,,,0.29,,,0.13,,,0.06,,
0.45,,,"(807, 374, 419, 419)",,,0.0,,,0.06,,,0.02,,,0.27,,,0.13,,,0.07,,
0.34,0.16,,"(811, 380, 416, 416)","(521, 719, 70, 70)",,0.0,0.08,,0.06,0.07,,0.01,0.27,,0.33,0.07,,0.2,0.29,,0.06,0.05,
0.34,0.17,,"(811, 380, 416, 416)","(521, 719, 70, 70)",,0.0,0.08,,0.06,0.07,,0.01,0.27,,0.33,0.07,,0.2,0.29,,0.06,0.05,
0.34,,,"(811, 380, 417, 417)",,,0.0,,,0.06,,,0.0,,,0.35,,,0.18,,,0.06,,
0.35,,,"(811, 380, 416, 416)",,,0.0,,,0.06,,,0.01,,,0.33,,,0.2,,,0.06,,
0.3,,,"(813, 379, 416, 416)",,,0.0,,,0.05,,,0.01,,,0.38,,,0.18,,,0.07,,
0.27,,,"(814, 380, 415, 415)",,,0.0,,,0.05,,,0.01,,,0.45,,,0.17,,,0.05,,
0.31,,,"(813, 379, 416, 416)",,,0.0,,,0.05,,,0.01,,,0.38,,,0.18,,,0.07,,
0.3,,,"(813, 379, 416, 416)",,,0.0,,,0.05,,,0.01,,,0.38,,,0.18,,,0.07,,
0.32,0.2,,"(813, 379, 414, 414)","(526, 718, 69, 69)",,0.0,0.17,,0.06,0.06,,0.03,0.22,,0.27,0.04,,0.24,0.29,,0.08,0.02,
0.29,0.18,,"(812, 379, 414, 414)","(524, 718, 69, 69)",,0.0,0.14,,0.06,0.06,,0.03,0.23,,0.27,0.04,,0.26,0.32,,0.09,0.02,
0.3,0.18,,"(812, 379, 413, 413)","(524, 718, 69, 69)",,0.0,0.15,,0.05,0.06,,0.03,0.22,,0.31,0.04,,0.25,0.32,,0.07,0.02,
0.43,,,"(808, 382, 416, 416)",,,0.0,,,0.06,,,0.02,,,0.23,,,0.2,,,0.05,,
0.35,,,"(806, 381, 419, 419)",,,0.0,,,0.06,,,0.01,,,0.32,,,0.2,,,0.06,,
0.36,,,"(806, 381, 419, 419)",,,0.0,,,0.06,,,0.01,,,0.31,,,0.19,,,0.06,,
0.43,,,"(808, 382, 416, 416)",,,0.0,,,0.06,,,0.02,,,0.23,,,0.2,,,0.06,,
0.25,,,"(808, 389, 414, 414)",,,0.0,,,0.05,,,0.0,,,0.5,,,0.17,,,0.03,,
0.25,,,"(808, 389, 414, 414)",,,0.0,,,0.05,,,0.0,,,0.5,,,0.17,,,0.03,,
0.25,,,"(808, 389, 414, 414)",,,0.0,,,0.05,,,0.0,,,0.5,,,0.17,,,0.03,,
0.27,,,"(807, 388, 415, 415)",,,0.0,,,0.05,,,0.01,,,0.49,,,0.16,,,0.03,,
0.26,,,"(807, 388, 415, 415)",,,0.0,,,0.05,,,0.01,,,0.49,,,0.16,,,0.03,,
0.34,0.1,0.25,"(808, 384, 419, 419)","(1558, 463, 89, 89)","(509, 708, 95, 95)",0.0,0.01,0.02,0.07,0.29,0.12,0.01,0.06,0.12,0.35,0.25,0.06,0.18,0.23,0.42,0.06,0.07,0.02
0.31,0.1,0.23,"(806, 383, 421, 421)","(1558, 462, 90, 90)","(511, 709, 93, 93)",0.0,0.0,0.02,0.06,0.27,0.13,0.01,0.06,0.11,0.38,0.25,0.06,0.19,0.22,0.43,0.06,0.1,0.02
0.35,0.12,,"(806, 382, 421, 421)","(1559, 463, 88, 88)",,0.0,0.01,,0.07,0.24,,0.01,0.06,,0.28,0.27,,0.24,0.23,,0.06,0.07,
0.33,0.14,0.25,"(807, 383, 420, 420)","(1559, 463, 88, 88)","(510, 709, 93, 93)",0.0,0.01,0.02,0.06,0.22,0.13,0.01,0.07,0.14,0.33,0.29,0.07,0.21,0.22,0.37,0.06,0.07,0.02
0.37,,,"(809, 381, 417, 417)",,,0.0,,,0.06,,,0.01,,,0.38,,,0.14,,,0.04,,
0.37,,,"(809, 381, 417, 417)",,,0.0,,,0.06,,,0.01,,,0.38,,,0.14,,,0.04,,
0.35,,,"(808, 380, 419, 419)",,,0.0,,,0.05,,,0.01,,,0.42,,,0.13,,,0.04,,
0.39,,,"(811, 382, 414, 414)",,,0.0,,,0.06,,,0.01,,,0.34,,,0.15,,,0.06,,
0.25,,,"(809, 385, 414, 414)",,,0.0,,,0.03,,,0.0,,,0.49,,,0.21,,,0.02,,
0.27,,,"(811, 385, 413, 413)",,,0.0,,,0.04,,,0.01,,,0.43,,,0.21,,,0.04,,
0.26,,,"(808, 385, 414, 414)",,,0.0,,,0.03,,,0.0,,,0.49,,,0.21,,,0.01,,
0.35,,,"(810, 382, 417, 417)",,,0.0,,,0.05,,,0.01,,,0.37,,,0.19,,,0.04,,
0.35,0.19,,"(810, 382, 417, 417)","(529, 716, 75, 75)",,0.0,0.08,,0.05,0.1,,0.01,0.19,,0.37,0.08,,0.18,0.33,,0.04,0.03,
0.35,0.19,,"(811, 383, 415, 415)","(529, 716, 75, 75)",,0.0,0.09,,0.06,0.1,,0.01,0.18,,0.36,0.07,,0.18,0.33,,0.05,0.03,
0.35,,,"(810, 382, 417, 417)",,,0.0,,,0.05,,,0.01,,,0.37,,,0.18,,,0.04,,
0.3,0.26,,"(807, 376, 422, 422)","(1889, 922, 74, 74)",,0.0,0.03,,0.05,0.05,,0.01,0.16,,0.45,0.07,,0.15,0.35,,0.03,0.08,
0.29,0.27,,"(807, 376, 422, 422)","(1890, 922, 73, 73)",,0.0,0.04,,0.05,0.05,,0.01,0.17,,0.46,0.07,,0.15,0.33,,0.04,0.09,
0.3,0.27,,"(807, 376, 422, 422)","(1890, 922, 73, 73)",,0.0,0.04,,0.05,0.05,,0.01,0.17,,0.45,0.07,,0.15,0.33,,0.04,0.09,
0.28,,,"(807, 375, 423, 423)",,,0.0,,,0.04,,,0.01,,,0.5,,,0.13,,,0.04,,
0.31,0.2,,"(807, 379, 417, 417)","(1654, 494, 49, 49)",,0.0,0.02,,0.05,0.19,,0.01,0.04,,0.44,0.06,,0.12,0.43,,0.06,0.06,
0.31,0.2,,"(807, 379, 417, 417)","(1654, 494, 49, 49)",,0.0,0.02,,0.06,0.19,,0.01,0.04,,0.44,0.06,,0.12,0.43,,0.07,0.06,
0.31,0.19,,"(807, 379, 417, 417)","(1654, 494, 50, 50)",,0.0,0.02,,0.05,0.19,,0.01,0.03,,0.44,0.07,,0.12,0.47,,0.06,0.03,
0.31,0.21,,"(807, 379, 417, 417)","(1654, 494, 49, 49)",,0.0,0.02,,0.05,0.19,,0.01,0.04,,0.44,0.06,,0.12,0.42,,0.07,0.05,
0.31,0.2,,"(807, 379, 417, 417)","(1654, 494, 49, 49)",,0.0,0.02,,0.05,0.19,,0.01,0.04,,0.44,0.06,,0.12,0.43,,0.07,0.06,
0.35,,,"(811, 382, 409, 409)",,,0.0,,,0.07,,,0.01,,,0.37,,,0.17,,,0.03,,
0.4,,,"(812, 381, 408, 408)",,,0.0,,,0.09,,,0.01,,,0.29,,,0.18,,,0.03,,
0.35,,,"(809, 377, 413, 413)",,,0.0,,,0.06,,,0.01,,,0.34,,,0.21,,,0.03,,
0.4,,,"(811, 381, 409, 409)",,,0.0,,,0.08,,,0.01,,,0.33,,,0.15,,,0.03,,
0.22,,,"(812, 379, 413, 413)",,,0.0,,,0.04,,,0.01,,,0.51,,,0.21,,,0.02,,
0.22,,,"(812, 379, 413, 413)",,,0.0,,,0.04,,,0.01,,,0.51,,,0.21,,,0.03,,
0.28,,,"(813, 381, 410, 410)",,,0.0,,,0.04,,,0.01,,,0.43,,,0.21,,,0.03,,
0.3,,,"(812, 381, 410, 410)",,,0.0,,,0.05,,,0.01,,,0.42,,,0.18,,,0.03,,
0.25,,,"(812, 377, 406, 406)",,,0.0,,,0.05,,,0.01,,,0.44,,,0.23,,,0.02,,
0.25,,,"(812, 378, 406, 406)",,,0.0,,,0.05,,,0.01,,,0.42,,,0.25,,,0.02,,
0.26,,,"(812, 378, 406, 406)",,,0.0,,,0.05,,,0.01,,,0.41,,,0.24,,,0.02,,
0.45,,,"(816, 402, 375, 375)",,,0.0,,,0.09,,,0.0,,,0.24,,,0.17,,,0.05,,
0.4,,,"(816, 403, 374, 374)",,,0.0,,,0.1,,,0.0,,,0.25,,,0.2,,,0.04,,
0.49,,,"(816, 401, 375, 375)",,,0.0,,,0.08,,,0.0,,,0.23,,,0.14,,,0.05,,
0.45,,,"(817, 402, 373, 373)",,,0.0,,,0.09,,,0.0,,,0.25,,,0.16,,,0.05,,
0.39,,,"(815, 376, 420, 420)",,,0.0,,,0.05,,,0.01,,,0.33,,,0.16,,,0.06,,
0.34,,,"(814, 376, 420, 420)",,,0.0,,,0.04,,,0.0,,,0.4,,,0.17,,,0.05,,
0.33,,,"(814, 375, 420, 420)",,,0.0,,,0.05,,,0.0,,,0.42,,,0.15,,,0.05,,
0.33,,,"(814, 376, 420, 420)",,,0.0,,,0.04,,,0.0,,,0.4,,,0.17,,,0.05,,
0.35,,,"(814, 377, 419, 419)",,,0.0,,,0.05,,,0.0,,,0.38,,,0.18,,,0.05,,
0.27,0.16,,"(814, 376, 410, 410)","(1655, 494, 49, 49)",,0.0,0.01,,0.07,0.17,,0.01,0.03,,0.31,0.07,,0.3,0.54,,0.04,0.02,
0.32,0.15,,"(814, 375, 412, 412)","(1656, 495, 48, 48)",,0.0,0.01,,0.06,0.18,,0.01,0.03,,0.29,0.06,,0.29,0.54,,0.03,0.03,
0.29,0.16,,"(813, 375, 411, 411)","(1655, 494, 49, 49)",,0.0,0.01,,0.08,0.17,,0.01,0.03,,0.28,0.07,,0.3,0.54,,0.04,0.02,
0.27,0.16,,"(814, 376, 410, 410)","(1655, 494, 49, 49)",,0.0,0.01,,0.07,0.17,,0.01,0.03,,0.31,0.07,,0.29,0.54,,0.04,0.02,
0.45,,,"(808, 372, 421, 421)",,,0.0,,,0.07,,,0.03,,,0.21,,,0.21,,,0.04,,
0.43,,,"(809, 374, 418, 418)",,,0.0,,,0.07,,,0.04,,,0.24,,,0.17,,,0.05,,
0.39,,,"(811, 375, 416, 416)",,,0.0,,,0.07,,,0.03,,,0.25,,,0.2,,,0.05,,
0.39,,,"(811, 375, 416, 416)",,,0.0,,,0.08,,,0.03,,,0.25,,,0.2,,,0.05,,
0.26,,,"(813, 378, 409, 409)",,,0.0,,,0.07,,,0.01,,,0.38,,,0.22,,,0.05,,
0.26,,,"(813, 378, 409, 409)",,,0.0,,,0.07,,,0.01,,,0.38,,,0.22,,,0.05,,
0.28,,,"(810, 376, 412, 412)",,,0.0,,,0.06,,,0.01,,,0.37,,,0.25,,,0.04,,
0.24,,,"(812, 377, 410, 410)",,,0.0,,,0.06,,,0.01,,,0.36,,,0.28,,,0.04,,
0.23,,,"(819, 379, 408, 408)",,,0.0,,,0.05,,,0.01,,,0.51,,,0.17,,,0.04,,
0.23,,,"(819, 379, 408, 408)",,,0.0,,,0.05,,,0.01,,,0.51,,,0.17,,,0.04,,
0.28,,,"(818, 379, 409, 409)",,,0.0,,,0.04,,,0.0,,,0.49,,,0.16,,,0.03,,
0.28,,,"(818, 379, 409, 409)",,,0.0,,,0.04,,,0.0,,,0.49,,,0.15,,,0.03,,
0.19,,,"(816, 381, 399, 399)",,,0.0,,,0.04,,,0.01,,,0.49,,,0.25,,,0.02,,
0.18,,,"(814, 379, 400, 400)",,,0.0,,,0.05,,,0.01,,,0.5,,,0.24,,,0.02,,
0.18,,,"(814, 379, 400, 400)",,,0.0,,,0.05,,,0.01,,,0.5,,,0.24,,,0.02,,
0.19,,,"(813, 381, 399, 399)",,,0.0,,,0.07,,,0.01,,,0.45,,,0.24,,,0.05,,
0.2,,,"(815, 382, 399, 399)",,,0.0,,,0.05,,,0.01,,,0.47,,,0.25,,,0.02,,
0.21,,,"(814, 381, 400, 400)",,,0.0,,,0.05,,,0.0,,,0.49,,,0.22,,,0.03,,
0.2,,,"(812, 379, 402, 402)",,,0.0,,,0.06,,,0.0,,,0.49,,,0.2,,,0.05,,
0.2,,,"(812, 379, 402, 402)",,,0.0,,,0.06,,,0.0,,,0.49,,,0.2,,,0.05,,
0.27,,,"(810, 377, 403, 403)",,,0.0,,,0.1,,,0.01,,,0.39,,,0.18,,,0.04,,
0.25,,,"(810, 376, 403, 403)",,,0.0,,,0.09,,,0.02,,,0.43,,,0.17,,,0.03,,
0.21,,,"(812, 379, 400, 400)",,,0.0,,,0.09,,,0.01,,,0.44,,,0.21,,,0.04,,
0.26,,,"(810, 377, 403, 403)",,,0.0,,,0.11,,,0.01,,,0.39,,,0.19,,,0.04,,
0.18,0.2,,"(817, 379, 401, 401)","(1557, 465, 88, 88)",,0.0,0.01,,0.06,0.19,,0.01,0.07,,0.54,0.26,,0.18,0.22,,0.03,0.05,
0.18,0.28,,"(817, 379, 401, 401)","(1558, 465, 86, 86)",,0.0,0.01,,0.06,0.2,,0.01,0.07,,0.54,0.23,,0.17,0.19,,0.03,0.02,
0.18,0.23,,"(817, 379, 401, 401)","(1558, 465, 87, 87)",,0.0,0.02,,0.06,0.21,,0.01,0.07,,0.54,0.25,,0.17,0.19,,0.03,0.04,
0.18,0.23,,"(817, 379, 401, 401)","(1558, 465, 87, 87)",,0.0,0.02,,0.06,0.21,,0.01,0.06,,0.55,0.25,,0.17,0.19,,0.03,0.04,
0.26,,,"(817, 377, 404, 404)",,,0.0,,,0.08,,,0.01,,,0.44,,,0.18,,,0.03,,
0.26,,,"(817, 377, 404, 404)",,,0.0,,,0.08,,,0.01,,,0.44,,,0.18,,,0.03,,
0.26,,,"(817, 377, 404, 404)",,,0.0,,,0.08,,,0.01,,,0.43,,,0.19,,,0.03,,
0.25,,,"(817, 377, 404, 404)",,,0.0,,,0.08,,,0.01,,,0.44,,,0.18,,,0.03,,
0.33,0.17,,"(821, 407, 370, 370)","(1555, 468, 90, 90)",,0.0,0.0,,0.07,0.24,,0.01,0.04,,0.39,0.21,,0.17,0.28,,0.03,0.06,
0.3,0.17,,"(821, 406, 371, 371)","(1555, 468, 90, 90)",,0.0,0.0,,0.08,0.25,,0.0,0.05,,0.4,0.2,,0.19,0.27,,0.03,0.06,
0.25,0.15,,"(822, 407, 368, 368)","(1557, 471, 85, 85)",,0.0,0.0,,0.08,0.25,,0.0,0.05,,0.47,0.28,,0.17,0.23,,0.02,0.05,
0.29,0.17,,"(822, 407, 369, 369)","(1556, 468, 88, 88)",,0.0,0.0,,0.09,0.22,,0.01,0.05,,0.39,0.27,,0.2,0.21,,0.03,0.07,
0.18,0.42,,"(822, 386, 394, 394)","(1014, 738, 111, 111)",,0.0,0.01,,0.06,0.08,,0.01,0.08,,0.48,0.03,,0.23,0.34,,0.03,0.04,
0.33,,,"(820, 404, 376, 376)",,,0.0,,,0.1,,,0.01,,,0.36,,,0.19,,,0.02,,
0.35,,,"(821, 404, 373, 373)",,,0.0,,,0.08,,,0.01,,,0.33,,,0.21,,,0.02,,
0.35,0.4,,"(821, 404, 373, 373)","(1015, 739, 109, 109)",,0.0,0.01,,0.08,0.07,,0.01,0.08,,0.34,0.03,,0.22,0.37,,0.02,0.03,
0.24,,,"(816, 396, 395, 395)",,,0.0,,,0.09,,,0.01,,,0.38,,,0.24,,,0.05,,
0.28,,,"(817, 397, 391, 391)",,,0.0,,,0.07,,,0.01,,,0.38,,,0.23,,,0.03,,
0.23,,,"(816, 396, 395, 395)",,,0.0,,,0.09,,,0.01,,,0.38,,,0.24,,,0.05,,
0.24,,,"(816, 396, 395, 395)",,,0.0,,,0.09,,,0.01,,,0.38,,,0.24,,,0.05,,
0.32,0.17,,"(812, 376, 408, 408)","(1555, 467, 93, 93)",,0.0,0.0,,0.04,0.19,,0.01,0.04,,0.46,0.25,,0.16,0.29,,0.02,0.06,
0.24,,,"(812, 378, 408, 408)",,,0.0,,,0.04,,,0.01,,,0.49,,,0.21,,,0.02,,
0.27,,,"(813, 378, 408, 408)",,,0.0,,,0.03,,,0.01,,,0.48,,,0.19,,,0.02,,
0.23,,,"(813, 379, 407, 407)",,,0.0,,,0.03,,,0.01,,,0.55,,,0.17,,,0.02,,
0.22,,,"(817, 380, 402, 402)",,,0.0,,,0.03,,,0.0,,,0.55,,,0.18,,,0.01,,
0.25,,,"(818, 380, 401, 401)",,,0.0,,,0.05,,,0.01,,,0.51,,,0.17,,,0.02,,
0.25,,,"(818, 380, 401, 401)",,,0.0,,,0.05,,,0.01,,,0.5,,,0.17,,,0.02,,
0.21,,,"(813, 397, 396, 396)",,,0.0,,,0.04,,,0.0,,,0.53,,,0.2,,,0.02,,
0.15,,,"(813, 382, 401, 401)",,,0.0,,,0.03,,,0.0,,,0.66,,,0.14,,,0.02,,
0.19,,,"(813, 383, 401, 401)",,,0.0,,,0.05,,,0.01,,,0.58,,,0.15,,,0.02,,
0.15,,,"(813, 382, 401, 401)",,,0.0,,,0.03,,,0.0,,,0.66,,,0.14,,,0.02,,
0.15,,,"(813, 382, 401, 401)",,,0.0,,,0.03,,,0.0,,,0.66,,,0.14,,,0.02,,
0.24,,,"(820, 401, 388, 388)",,,0.0,,,0.05,,,0.0,,,0.53,,,0.15,,,0.02,,
0.26,,,"(820, 402, 387, 387)",,,0.0,,,0.05,,,0.0,,,0.51,,,0.17,,,0.02,,
0.24,,,"(818, 400, 388, 388)",,,0.0,,,0.07,,,0.0,,,0.5,,,0.16,,,0.03,,
0.24,,,"(819, 401, 386, 386)",,,0.0,,,0.07,,,0.0,,,0.49,,,0.17,,,0.03,,
0.2,,,"(812, 374, 410, 410)",,,0.0,,,0.03,,,0.0,,,0.53,,,0.22,,,0.02,,
0.19,,,"(813, 376, 409, 409)",,,0.0,,,0.03,,,0.0,,,0.54,,,0.22,,,0.02,,
0.2,,,"(814, 376, 410, 410)",,,0.0,,,0.03,,,0.0,,,0.55,,,0.19,,,0.02,,
0.21,,,"(812, 374, 410, 410)",,,0.0,,,0.03,,,0.0,,,0.53,,,0.21,,,0.02,,
0.21,,,"(814, 378, 400, 400)",,,0.0,,,0.07,,,0.0,,,0.53,,,0.18,,,0.01,,
0.21,,,"(814, 378, 400, 400)",,,0.0,,,0.07,,,0.0,,,0.53,,,0.18,,,0.02,,
0.14,,,"(815, 379, 401, 401)",,,0.0,,,0.04,,,0.0,,,0.68,,,0.13,,,0.01,,
0.21,,,"(814, 378, 400, 400)",,,0.0,,,0.06,,,0.0,,,0.53,,,0.18,,,0.01,,
0.21,0.11,,"(817, 377, 400, 400)","(530, 715, 75, 75)",,0.0,0.13,,0.04,0.09,,0.01,0.16,,0.58,0.06,,0.15,0.38,,0.02,0.07,
0.26,0.1,,"(817, 378, 403, 403)","(530, 715, 75, 75)",,0.0,0.13,,0.04,0.09,,0.01,0.18,,0.55,0.06,,0.12,0.37,,0.03,0.07,
0.2,0.1,,"(816, 377, 401, 401)","(530, 715, 75, 75)",,0.0,0.13,,0.03,0.09,,0.0,0.18,,0.59,0.06,,0.15,0.38,,0.02,0.06,
0.27,0.1,,"(817, 377, 402, 402)","(530, 715, 75, 75)",,0.0,0.13,,0.04,0.09,,0.01,0.18,,0.51,0.07,,0.14,0.38,,0.02,0.07,
0.14,0.1,,"(818, 380, 402, 402)","(1562, 465, 81, 81)",,0.0,0.01,,0.02,0.2,,0.01,0.04,,0.74,0.32,,0.08,0.18,,0.02,0.15,
0.15,,,"(818, 381, 402, 402)",,,0.0,,,0.03,,,0.01,,,0.71,,,0.08,,,0.02,,
0.15,,,"(818, 380, 403, 403)",,,0.0,,,0.02,,,0.01,,,0.73,,,0.07,,,0.02,,
0.15,,,"(818, 381, 402, 402)",,,0.0,,,0.03,,,0.01,,,0.72,,,0.07,,,0.02,,
0.14,,,"(812, 373, 407, 407)",,,0.0,,,0.02,,,0.0,,,0.72,,,0.11,,,0.01,,
0.14,,,"(812, 373, 407, 407)",,,0.0,,,0.02,,,0.0,,,0.72,,,0.11,,,0.01,,
0.17,,,"(813, 376, 416, 416)",,,0.0,,,0.02,,,0.01,,,0.66,,,0.13,,,0.02,,
0.16,,,"(812, 373, 408, 408)",,,0.0,,,0.02,,,0.0,,,0.72,,,0.09,,,0.01,,
0.2,,,"(815, 380, 413, 413)",,,0.0,,,0.03,,,0.01,,,0.6,,,0.12,,,0.03,,
0.26,,,"(816, 381, 411, 411)",,,0.0,,,0.04,,,0.01,,,0.54,,,0.12,,,0.03,,
0.25,,,"(816, 381, 411, 411)",,,0.0,,,0.04,,,0.01,,,0.54,,,0.12,,,0.04,,
0.25,,,"(816, 381, 411, 411)",,,0.0,,,0.04,,,0.01,,,0.54,,,0.12,,,0.04,,
0.24,0.28,,"(812, 373, 407, 407)","(1889, 921, 72, 72)",,0.0,0.03,,0.04,0.07,,0.01,0.08,,0.56,0.04,,0.12,0.45,,0.03,0.05,
0.22,,,"(813, 374, 404, 404)",,,0.0,,,0.03,,,0.01,,,0.58,,,0.14,,,0.03,,
0.18,,,"(812, 374, 404, 404)",,,0.0,,,0.02,,,0.01,,,0.62,,,0.14,,,0.03,,
0.23,0.3,,"(813, 373, 404, 404)","(1889, 922, 70, 70)",,0.0,0.01,,0.04,0.06,,0.01,0.11,,0.56,0.06,,0.14,0.41,,0.03,0.06,
0.14,,,"(858, 420, 339, 339)",,,0.0,,,0.38,,,0.03,,,0.02,,,0.09,,,0.34,,
0.15,0.12,,"(826, 393, 387, 387)","(1555, 465, 90, 90)",,0.0,0.0,,0.2,0.27,,0.01,0.01,,0.07,0.28,,0.12,0.28,,0.46,0.03,
0.16,0.12,,"(827, 395, 385, 385)","(1555, 465, 90, 90)",,0.0,0.0,,0.18,0.25,,0.01,0.02,,0.05,0.3,,0.09,0.28,,0.51,0.03,
0.14,,,"(858, 420, 339, 339)",,,0.0,,,0.4,,,0.03,,,0.02,,,0.09,,,0.33,,
0.39,0.16,,"(817, 368, 393, 393)","(1649, 491, 54, 54)",,0.0,0.0,,0.32,0.18,,0.02,0.03,,0.02,0.07,,0.08,0.54,,0.17,0.02,
0.39,0.16,,"(817, 368, 393, 393)","(1649, 491, 54, 54)",,0.0,0.0,,0.32,0.18,,0.02,0.03,,0.02,0.07,,0.08,0.54,,0.17,0.02,
0.26,0.16,,"(815, 368, 398, 398)","(1649, 491, 54, 54)",,0.0,0.0,,0.29,0.18,,0.02,0.03,,0.02,0.07,,0.07,0.54,,0.34,0.02,
0.39,0.16,,"(817, 368, 393, 393)","(1649, 491, 54, 54)",,0.0,0.0,,0.32,0.18,,0.02,0.03,,0.02,0.07,,0.08,0.54,,0.17,0.02,
0.03,,,"(809, 365, 417, 417)",,,0.0,,,0.09,,,0.0,,,0.01,,,0.03,,,0.84,,
0.03,,,"(809, 365, 417, 417)",,,0.0,,,0.1,,,0.01,,,0.01,,,0.03,,,0.82,,
0.03,,,"(809, 365, 417, 417)",,,0.0,,,0.09,,,0.0,,,0.01,,,0.03,,,0.84,,
0.03,,,"(809, 365, 417, 417)",,,0.0,,,0.09,,,0.0,,,0.01,,,0.03,,,0.84,,
0.04,,,"(801, 347, 435, 435)",,,0.0,,,0.1,,,0.01,,,0.02,,,0.03,,,0.8,,
0.04,,,"(802, 348, 434, 434)",,,0.0,,,0.1,,,0.01,,,0.02,,,0.03,,,0.81,,
0.04,,,"(802, 348, 434, 434)",,,0.0,,,0.09,,,0.01,,,0.02,,,0.03,,,0.81,,
0.03,,,"(802, 348, 435, 435)",,,0.0,,,0.08,,,0.01,,,0.01,,,0.03,,,0.84,,
0.02,,,"(812, 352, 411, 411)",,,0.0,,,0.08,,,0.01,,,0.0,,,0.01,,,0.88,,
0.02,,,"(812, 352, 411, 411)",,,0.0,,,0.08,,,0.01,,,0.0,,,0.01,,,0.88,,
0.02,,,"(812, 352, 411, 411)",,,0.0,,,0.08,,,0.01,,,0.0,,,0.01,,,0.88,,
0.02,,,"(812, 352, 411, 411)",,,0.0,,,0.08,,,0.01,,,0.0,,,0.01,,,0.88,,
0.02,0.17,,"(833, 358, 399, 399)","(1646, 490, 61, 61)",,0.0,0.0,,0.11,0.08,,0.01,0.04,,0.01,0.1,,0.02,0.61,,0.84,0.01,
0.02,0.18,,"(833, 358, 399, 399)","(1646, 490, 61, 61)",,0.0,0.0,,0.11,0.08,,0.01,0.05,,0.01,0.09,,0.02,0.59,,0.83,0.01,
0.02,0.17,,"(833, 358, 399, 399)","(1646, 490, 61, 61)",,0.0,0.0,,0.11,0.08,,0.01,0.04,,0.01,0.1,,0.02,0.61,,0.84,0.01,
0.02,0.17,,"(833, 358, 399, 399)","(1646, 490, 61, 61)",,0.0,0.0,,0.11,0.08,,0.01,0.04,,0.01,0.1,,0.02,0.61,,0.84,0.01,
0.02,0.11,,"(836, 345, 399, 399)","(528, 719, 71, 71)",,0.0,0.16,,0.04,0.07,,0.01,0.2,,0.0,0.05,,0.01,0.36,,0.92,0.04,
0.02,0.13,0.13,"(836, 345, 399, 399)","(528, 719, 72, 72)","(1646, 488, 61, 61)",0.0,0.08,0.0,0.04,0.08,0.19,0.01,0.26,0.05,0.0,0.06,0.11,0.01,0.35,0.51,0.92,0.04,0.01
0.05,0.13,0.12,"(831, 354, 395, 395)","(528, 719, 72, 72)","(1646, 488, 60, 60)",0.0,0.08,0.0,0.07,0.08,0.22,0.01,0.26,0.03,0.01,0.06,0.11,0.02,0.34,0.51,0.84,0.04,0.01
0.03,0.11,,"(832, 354, 397, 397)","(528, 719, 71, 71)",,0.0,0.13,,0.1,0.08,,0.01,0.22,,0.01,0.05,,0.02,0.38,,0.83,0.04,
0.09,,,"(831, 357, 390, 390)",,,0.0,,,0.09,,,0.03,,,0.02,,,0.03,,,0.74,,
0.09,,,"(831, 357, 390, 390)",,,0.0,,,0.09,,,0.03,,,0.02,,,0.03,,,0.74,,
0.09,,,"(831, 357, 390, 390)",,,0.0,,,0.09,,,0.03,,,0.02,,,0.03,,,0.73,,
0.09,,,"(831, 357, 389, 389)",,,0.0,,,0.09,,,0.04,,,0.02,,,0.03,,,0.73,,
0.02,,,"(839, 354, 388, 388)",,,0.0,,,0.14,,,0.01,,,0.01,,,0.01,,,0.81,,
0.04,,,"(836, 358, 385, 385)",,,0.0,,,0.14,,,0.01,,,0.01,,,0.02,,,0.77,,
0.02,,,"(839, 354, 388, 388)",,,0.0,,,0.14,,,0.01,,,0.01,,,0.01,,,0.81,,
0.02,,,"(839, 354, 388, 388)",,,0.0,,,0.14,,,0.01,,,0.01,,,0.01,,,0.81,,
0.05,,,"(835, 353, 390, 390)",,,0.0,,,0.21,,,0.01,,,0.02,,,0.04,,,0.66,,
0.06,,,"(834, 352, 392, 392)",,,0.0,,,0.22,,,0.02,,,0.02,,,0.05,,,0.63,,
0.06,,,"(835, 353, 391, 391)",,,0.0,,,0.2,,,0.01,,,0.02,,,0.04,,,0.66,,
0.07,0.16,,"(835, 352, 393, 393)","(1661, 497, 47, 47)",,0.0,0.04,,0.2,0.25,,0.01,0.03,,0.02,0.08,,0.04,0.38,,0.66,0.05,
0.07,,,"(832, 351, 391, 391)",,,0.0,,,0.22,,,0.02,,,0.02,,,0.06,,,0.62,,
0.07,,,"(832, 351, 391, 391)",,,0.0,,,0.22,,,0.02,,,0.02,,,0.06,,,0.62,,
0.07,,,"(832, 351, 391, 391)",,,0.0,,,0.21,,,0.02,,,0.02,,,0.05,,,0.63,,
0.08,,,"(833, 351, 390, 390)",,,0.0,,,0.2,,,0.02,,,0.02,,,0.05,,,0.64,,
0.02,,,"(843, 350, 392, 392)",,,0.0,,,0.1,,,0.01,,,0.01,,,0.01,,,0.85,,
0.03,,,"(834, 351, 392, 392)",,,0.0,,,0.12,,,0.0,,,0.01,,,0.01,,,0.83,,
0.04,,,"(835, 352, 390, 390)",,,0.0,,,0.13,,,0.0,,,0.01,,,0.01,,,0.81,,
0.04,,,"(835, 352, 390, 390)",,,0.0,,,0.13,,,0.0,,,0.01,,,0.01,,,0.81,,
0.04,0.11,,"(836, 356, 389, 389)","(528, 716, 74, 74)",,0.0,0.04,,0.09,0.12,,0.0,0.18,,0.0,0.07,,0.01,0.44,,0.86,0.03,
0.04,0.12,,"(837, 356, 387, 387)","(528, 716, 73, 73)",,0.0,0.06,,0.11,0.13,,0.0,0.19,,0.01,0.07,,0.01,0.39,,0.84,0.04,
0.04,0.1,,"(837, 356, 386, 386)","(528, 715, 75, 75)",,0.0,0.05,,0.13,0.14,,0.0,0.18,,0.01,0.1,,0.01,0.4,,0.81,0.03,
0.03,0.12,,"(837, 357, 388, 388)","(527, 715, 75, 75)",,0.0,0.05,,0.08,0.13,,0.0,0.15,,0.0,0.09,,0.01,0.44,,0.87,0.03,
0.04,,,"(848, 358, 380, 380)",,,0.0,,,0.2,,,0.01,,,0.01,,,0.02,,,0.72,,
0.04,,,"(848, 358, 380, 380)",,,0.0,,,0.2,,,0.01,,,0.01,,,0.02,,,0.72,,
0.04,,,"(848, 359, 379, 379)",,,0.0,,,0.14,,,0.01,,,0.01,,,0.02,,,0.79,,
0.05,,,"(849, 358, 378, 378)",,,0.0,,,0.19,,,0.01,,,0.01,,,0.01,,,0.73,,
0.03,0.11,,"(845, 352, 385, 385)","(1556, 465, 89, 89)",,0.0,0.01,,0.14,0.25,,0.0,0.03,,0.0,0.24,,0.01,0.32,,0.82,0.04,
0.03,0.11,,"(847, 354, 383, 383)","(1557, 465, 88, 88)",,0.0,0.01,,0.17,0.29,,0.0,0.03,,0.0,0.22,,0.01,0.3,,0.79,0.04,
0.04,0.11,,"(847, 353, 383, 383)","(1557, 465, 88, 88)",,0.0,0.01,,0.17,0.28,,0.0,0.03,,0.0,0.23,,0.01,0.31,,0.77,0.04,
0.04,0.1,,"(847, 353, 383, 383)","(1557, 465, 88, 88)",,0.0,0.01,,0.17,0.28,,0.0,0.03,,0.0,0.23,,0.01,0.32,,0.77,0.04,
0.02,,,"(848, 360, 373, 373)",,,0.0,,,0.2,,,0.0,,,0.0,,,0.01,,,0.76,,
0.02,,,"(847, 352, 382, 382)",,,0.0,,,0.14,,,0.0,,,0.0,,,0.0,,,0.83,,
0.02,,,"(846, 352, 382, 382)",,,0.0,,,0.18,,,0.0,,,0.0,,,0.0,,,0.79,,
0.02,,,"(846, 352, 382, 382)",,,0.0,,,0.18,,,0.0,,,0.0,,,0.0,,,0.79,,
0.08,,,"(846, 364, 372, 372)",,,0.0,,,0.12,,,0.0,,,0.0,,,0.01,,,0.79,,
0.08,,,"(846, 364, 372, 372)",,,0.0,,,0.12,,,0.0,,,0.0,,,0.01,,,0.79,,
0.04,,,"(848, 365, 368, 368)",,,0.0,,,0.09,,,0.0,,,0.0,,,0.01,,,0.85,,
0.04,,,"(848, 364, 368, 368)",,,0.0,,,0.1,,,0.0,,,0.01,,,0.01,,,0.85,,
0.04,,,"(851, 365, 368, 368)",,,0.0,,,0.12,,,0.0,,,0.0,,,0.01,,,0.83,,
0.04,,,"(851, 365, 368, 368)",,,0.0,,,0.12,,,0.0,,,0.0,,,0.01,,,0.83,,
0.04,,,"(851, 365, 368, 368)",,,0.0,,,0.12,,,0.0,,,0.0,,,0.01,,,0.83,,
0.04,,,"(851, 365, 368, 368)",,,0.0,,,0.12,,,0.0,,,0.0,,,0.01,,,0.83,,
0.03,,,"(857, 361, 367, 367)",,,0.0,,,0.16,,,0.0,,,0.0,,,0.01,,,0.8,,
0.02,,,"(856, 359, 369, 369)",,,0.0,,,0.13,,,0.0,,,0.0,,,0.0,,,0.84,,
0.02,,,"(856, 359, 369, 369)",,,0.0,,,0.13,,,0.0,,,0.0,,,0.0,,,0.83,,
0.02,,,"(856, 360, 368, 368)",,,0.0,,,0.14,,,0.0,,,0.0,,,0.0,,,0.84,,
0.06,,,"(856, 367, 361, 361)",,,0.0,,,0.25,,,0.0,,,0.0,,,0.01,,,0.67,,
0.06,,,"(856, 367, 362, 362)",,,0.0,,,0.25,,,0.0,,,0.0,,,0.01,,,0.67,,
0.03,,,"(861, 364, 363, 363)",,,0.0,,,0.16,,,0.0,,,0.0,,,0.01,,,0.79,,
0.06,,,"(855, 367, 362, 362)",,,0.0,,,0.21,,,0.0,,,0.0,,,0.01,,,0.71,,
0.04,,,"(865, 366, 359, 359)",,,0.0,,,0.17,,,0.0,,,0.01,,,0.01,,,0.78,,
0.03,,,"(865, 367, 358, 358)",,,0.0,,,0.17,,,0.0,,,0.01,,,0.01,,,0.77,,
0.03,,,"(864, 366, 360, 360)",,,0.0,,,0.14,,,0.0,,,0.01,,,0.01,,,0.81,,
0.03,,,"(864, 366, 359, 359)",,,0.0,,,0.17,,,0.0,,,0.0,,,0.01,,,0.79,,
0.04,0.15,,"(863, 361, 364, 364)","(1649, 492, 53, 53)",,0.0,0.01,,0.27,0.14,,0.0,0.05,,0.0,0.06,,0.02,0.56,,0.67,0.02,
0.05,0.15,,"(862, 360, 364, 364)","(1649, 492, 53, 53)",,0.0,0.0,,0.22,0.13,,0.01,0.05,,0.0,0.07,,0.02,0.57,,0.7,0.02,
0.05,0.15,,"(862, 360, 364, 364)","(1649, 492, 53, 53)",,0.0,0.0,,0.22,0.14,,0.01,0.05,,0.0,0.07,,0.02,0.57,,0.7,0.02,
0.05,0.18,,"(862, 360, 364, 364)","(1650, 492, 52, 52)",,0.0,0.01,,0.22,0.14,,0.01,0.06,,0.0,0.07,,0.02,0.52,,0.7,0.02,
0.05,0.16,,"(863, 361, 363, 363)","(1651, 493, 51, 51)",,0.0,0.01,,0.25,0.13,,0.01,0.06,,0.0,0.08,,0.02,0.55,,0.68,0.02,
0.07,,,"(859, 367, 361, 361)",,,0.0,,,0.26,,,0.01,,,0.02,,,0.04,,,0.61,,
0.06,,,"(862, 368, 360, 360)",,,0.0,,,0.3,,,0.01,,,0.01,,,0.03,,,0.59,,
0.06,,,"(860, 366, 362, 362)",,,0.0,,,0.28,,,0.01,,,0.01,,,0.03,,,0.61,,
0.04,0.24,,"(860, 363, 365, 365)","(1166, 142, 42, 42)",,0.0,0.0,,0.15,0.17,,0.0,0.28,,0.01,0.22,,0.02,0.07,,0.78,0.01,
0.04,0.24,,"(860, 363, 365, 365)","(1166, 142, 42, 42)",,0.0,0.0,,0.14,0.16,,0.0,0.29,,0.01,0.23,,0.02,0.07,,0.79,0.01,
0.04,,,"(860, 363, 365, 365)",,,0.0,,,0.15,,,0.0,,,0.01,,,0.02,,,0.78,,
0.04,,,"(860, 363, 365, 365)",,,0.0,,,0.15,,,0.0,,,0.01,,,0.02,,,0.78,,
0.05,,,"(855, 356, 371, 371)",,,0.0,,,0.13,,,0.0,,,0.04,,,0.03,,,0.75,,
0.06,,,"(857, 354, 371, 371)",,,0.0,,,0.06,,,0.01,,,0.04,,,0.02,,,0.81,,
0.05,,,"(856, 356, 370, 370)",,,0.0,,,0.09,,,0.0,,,0.04,,,0.02,,,0.79,,
0.06,,,"(857, 354, 372, 372)",,,0.0,,,0.06,,,0.01,,,0.02,,,0.02,,,0.84,,
0.1,,,"(862, 363, 365, 365)",,,0.0,,,0.09,,,0.02,,,0.08,,,0.04,,,0.66,,
0.1,,,"(860, 361, 367, 367)",,,0.0,,,0.1,,,0.02,,,0.1,,,0.05,,,0.63,,
0.11,,,"(861, 363, 365, 365)",,,0.0,,,0.11,,,0.02,,,0.08,,,0.04,,,0.62,,
0.1,,,"(862, 363, 365, 365)",,,0.0,,,0.09,,,0.02,,,0.08,,,0.04,,,0.66,,
0.06,,,"(858, 365, 365, 365)",,,0.0,,,0.1,,,0.09,,,0.32,,,0.07,,,0.36,,
0.08,,,"(859, 366, 364, 364)",,,0.0,,,0.13,,,0.09,,,0.28,,,0.08,,,0.34,,
0.06,,,"(858, 365, 365, 365)",,,0.0,,,0.1,,,0.09,,,0.32,,,0.07,,,0.36,,
0.06,,,"(858, 365, 365, 365)",,,0.0,,,0.1,,,0.09,,,0.32,,,0.07,,,0.36,,
0.09,0.19,,"(853, 371, 361, 361)","(1650, 492, 54, 54)",,0.0,0.01,,0.07,0.15,,0.32,0.06,,0.32,0.1,,0.1,0.46,,0.1,0.03,
0.08,,,"(852, 371, 361, 361)",,,0.0,,,0.07,,,0.31,,,0.34,,,0.1,,,0.1,,
0.08,,,"(853, 372, 360, 360)",,,0.0,,,0.06,,,0.32,,,0.35,,,0.09,,,0.1,,
0.08,,,"(852, 372, 361, 361)",,,0.0,,,0.06,,,0.27,,,0.39,,,0.09,,,0.1,,
0.08,,,"(852, 371, 362, 362)",,,0.0,,,0.06,,,0.27,,,0.38,,,0.1,,,0.1,,
0.1,,,"(850, 372, 370, 370)",,,0.0,,,0.09,,,0.06,,,0.54,,,0.17,,,0.03,,
0.1,,,"(849, 371, 372, 372)",,,0.0,,,0.09,,,0.07,,,0.54,,,0.17,,,0.03,,
0.1,,,"(850, 372, 370, 370)",,,0.0,,,0.09,,,0.06,,,0.54,,,0.17,,,0.03,,
0.18,,,"(847, 375, 367, 367)",,,0.0,,,0.09,,,0.27,,,0.25,,,0.17,,,0.04,,
0.18,,,"(847, 375, 367, 367)",,,0.0,,,0.09,,,0.27,,,0.25,,,0.17,,,0.04,,
0.18,,,"(847, 375, 367, 367)",,,0.0,,,0.09,,,0.27,,,0.25,,,0.17,,,0.04,,
0.18,,,"(847, 375, 367, 367)",,,0.0,,,0.09,,,0.27,,,0.25,,,0.17,,,0.04,,
0.2,,,"(860, 405, 358, 358)",,,0.0,,,0.18,,,0.11,,,0.21,,,0.21,,,0.08,,
0.2,,,"(861, 406, 357, 357)",,,0.0,,,0.21,,,0.11,,,0.17,,,0.2,,,0.1,,
0.2,,,"(861, 406, 357, 357)",,,0.0,,,0.21,,,0.11,,,0.17,,,0.2,,,0.1,,
0.19,,,"(861, 406, 357, 357)",,,0.0,,,0.22,,,0.12,,,0.17,,,0.2,,,0.1,,
0.17,,,"(858, 407, 371, 371)",,,0.0,,,0.09,,,0.41,,,0.17,,,0.12,,,0.05,,
0.17,,,"(858, 407, 371, 371)",,,0.0,,,0.09,,,0.41,,,0.17,,,0.12,,,0.05,,
0.17,,,"(858, 407, 371, 371)",,,0.0,,,0.09,,,0.4,,,0.17,,,0.12,,,0.05,,
0.16,,,"(858, 407, 371, 371)",,,0.0,,,0.09,,,0.41,,,0.17,,,0.12,,,0.05,,
0.25,,,"(849, 405, 397, 397)",,,0.0,,,0.09,,,0.08,,,0.34,,,0.12,,,0.12,,
0.22,,,"(848, 404, 400, 400)",,,0.0,,,0.09,,,0.07,,,0.41,,,0.12,,,0.09,,
0.25,,,"(849, 405, 397, 397)",,,0.0,,,0.09,,,0.08,,,0.34,,,0.12,,,0.12,,
0.25,,,"(849, 405, 397, 397)",,,0.0,,,0.09,,,0.08,,,0.34,,,0.12,,,0.12,,
0.16,,,"(847, 412, 398, 398)",,,0.0,,,0.03,,,0.06,,,0.61,,,0.07,,,0.06,,
0.17,,,"(845, 411, 399, 399)",,,0.0,,,0.03,,,0.09,,,0.57,,,0.06,,,0.08,,
0.17,,,"(845, 411, 399, 399)",,,0.0,,,0.04,,,0.1,,,0.56,,,0.06,,,0.08,,
0.18,,,"(845, 411, 400, 400)",,,0.0,,,0.04,,,0.08,,,0.56,,,0.06,,,0.08,,
0.19,,,"(845, 411, 400, 400)",,,0.0,,,0.04,,,0.08,,,0.56,,,0.06,,,0.08,,
0.09,0.22,0.26,"(850, 411, 404, 404)","(1565, 467, 78, 78)","(515, 705, 88, 88)",0.0,0.0,0.03,0.04,0.16,0.06,0.04,0.06,0.1,0.67,0.31,0.1,0.12,0.21,0.43,0.04,0.05,0.01
0.09,0.22,0.26,"(850, 411, 404, 404)","(1565, 467, 78, 78)","(515, 705, 88, 88)",0.0,0.0,0.03,0.04,0.16,0.06,0.04,0.05,0.11,0.67,0.31,0.1,0.11,0.21,0.43,0.04,0.05,0.01
0.09,0.21,0.26,"(850, 411, 404, 404)","(1565, 467, 78, 78)","(515, 705, 88, 88)",0.0,0.0,0.03,0.04,0.17,0.06,0.04,0.05,0.1,0.67,0.3,0.1,0.12,0.21,0.44,0.04,0.05,0.01
0.05,,,"(851, 409, 419, 419)",,,0.0,,,0.01,,,0.01,,,0.86,,,0.04,,,0.02,,
0.05,,,"(851, 409, 419, 419)",,,0.0,,,0.01,,,0.01,,,0.86,,,0.04,,,0.02,,
0.05,,,"(851, 409, 419, 419)",,,0.0,,,0.01,,,0.01,,,0.86,,,0.04,,,0.02,,
0.05,,,"(850, 409, 419, 419)",,,0.0,,,0.02,,,0.01,,,0.85,,,0.04,,,0.03,,
0.06,0.14,,"(849, 407, 430, 430)","(1559, 468, 84, 84)",,0.0,0.01,,0.02,0.24,,0.01,0.02,,0.86,0.34,,0.03,0.23,,0.02,0.03,
0.05,0.18,,"(851, 409, 429, 429)","(1557, 466, 86, 86)",,0.0,0.01,,0.03,0.23,,0.02,0.02,,0.84,0.24,,0.04,0.28,,0.02,0.03,
0.05,0.19,,"(851, 409, 429, 429)","(1559, 467, 84, 84)",,0.0,0.01,,0.02,0.25,,0.02,0.03,,0.85,0.28,,0.04,0.23,,0.02,0.02,
0.05,0.16,,"(851, 410, 428, 428)","(1558, 466, 86, 86)",,0.0,0.01,,0.03,0.25,,0.01,0.03,,0.85,0.25,,0.04,0.28,,0.02,0.03,
0.06,,,"(852, 413, 418, 418)",,,0.0,,,0.03,,,0.02,,,0.83,,,0.04,,,0.02,,
0.08,,,"(852, 414, 418, 418)",,,0.0,,,0.04,,,0.01,,,0.79,,,0.05,,,0.03,,
0.06,,,"(853, 414, 418, 418)",,,0.0,,,0.03,,,0.02,,,0.82,,,0.04,,,0.02,,
0.06,,,"(852, 413, 418, 418)",,,0.0,,,0.03,,,0.02,,,0.83,,,0.04,,,0.02,,
0.08,,,"(845, 412, 411, 411)",,,0.0,,,0.03,,,0.03,,,0.74,,,0.09,,,0.03,,
0.09,,,"(844, 411, 412, 412)",,,0.0,,,0.03,,,0.03,,,0.73,,,0.09,,,0.03,,
0.07,,,"(841, 399, 436, 436)",,,0.0,,,0.05,,,0.02,,,0.76,,,0.08,,,0.01,,
0.06,,,"(843, 403, 433, 433)",,,0.0,,,0.03,,,0.01,,,0.81,,,0.07,,,0.01,,
0.08,,,"(841, 399, 436, 436)",,,0.0,,,0.05,,,0.02,,,0.76,,,0.09,,,0.01,,
0.08,,,"(849, 407, 416, 416)",,,0.0,,,0.04,,,0.01,,,0.81,,,0.04,,,0.02,,
0.08,,,"(849, 407, 416, 416)",,,0.0,,,0.04,,,0.01,,,0.81,,,0.04,,,0.02,,
0.09,,,"(849, 408, 415, 415)",,,0.0,,,0.04,,,0.02,,,0.79,,,0.04,,,0.02,,
0.08,,,"(849, 407, 416, 416)",,,0.0,,,0.04,,,0.01,,,0.81,,,0.04,,,0.02,,
0.09,,,"(848, 405, 412, 412)",,,0.0,,,0.03,,,0.01,,,0.82,,,0.04,,,0.02,,
0.13,,,"(849, 406, 411, 411)",,,0.0,,,0.05,,,0.03,,,0.71,,,0.06,,,0.03,,
0.09,,,"(848, 405, 412, 412)",,,0.0,,,0.03,,,0.01,,,0.82,,,0.04,,,0.02,,
0.08,,,"(850, 407, 404, 404)",,,0.0,,,0.02,,,0.02,,,0.84,,,0.02,,,0.02,,
0.08,0.31,,"(850, 407, 404, 404)","(1033, 709, 153, 153)",,0.0,0.0,,0.02,0.12,,0.02,0.04,,0.84,0.06,,0.02,0.39,,0.02,0.07,
0.08,,,"(850, 407, 404, 404)",,,0.0,,,0.02,,,0.02,,,0.84,,,0.02,,,0.02,,
0.08,,,"(850, 407, 404, 404)",,,0.0,,,0.02,,,0.02,,,0.84,,,0.02,,,0.02,,
0.06,0.15,0.1,"(853, 413, 396, 396)","(1650, 493, 53, 53)","(1557, 468, 85, 85)",0.0,0.0,0.0,0.01,0.21,0.19,0.01,0.04,0.03,0.9,0.08,0.44,0.02,0.49,0.16,0.01,0.02,0.08
0.06,0.14,,"(854, 412, 398, 398)","(1558, 465, 84, 84)",,0.0,0.0,,0.01,0.28,,0.01,0.03,,0.87,0.38,,0.03,0.13,,0.02,0.04,
0.05,0.14,,"(854, 413, 396, 396)","(1558, 465, 84, 84)",,0.0,0.0,,0.01,0.28,,0.01,0.03,,0.9,0.37,,0.02,0.13,,0.01,0.04,
0.06,0.14,,"(853, 412, 397, 397)","(1558, 465, 84, 84)",,0.0,0.0,,0.01,0.28,,0.01,0.03,,0.89,0.38,,0.02,0.13,,0.01,0.04,
0.18,0.19,,"(844, 400, 405, 405)","(1558, 465, 83, 83)",,0.0,0.0,,0.03,0.26,,0.03,0.03,,0.68,0.28,,0.06,0.19,,0.03,0.06,
0.18,0.19,,"(844, 400, 405, 405)","(1558, 465, 83, 83)",,0.0,0.0,,0.03,0.26,,0.03,0.03,,0.68,0.28,,0.06,0.19,,0.03,0.06,
0.18,0.18,,"(844, 400, 405, 405)","(1559, 465, 82, 82)",,0.0,0.0,,0.03,0.24,,0.03,0.03,,0.68,0.27,,0.06,0.19,,0.02,0.08,
0.2,0.18,,"(843, 400, 405, 405)","(1559, 465, 82, 82)",,0.0,0.0,,0.03,0.24,,0.03,0.03,,0.64,0.28,,0.07,0.2,,0.04,0.08,
0.11,,,"(869, 440, 356, 356)",,,0.0,,,0.05,,,0.02,,,0.69,,,0.08,,,0.06,,
0.11,,,"(869, 440, 356, 356)",,,0.0,,,0.05,,,0.02,,,0.69,,,0.08,,,0.06,,
0.11,,,"(869, 440, 356, 356)",,,0.0,,,0.06,,,0.02,,,0.67,,,0.08,,,0.07,,
0.13,,,"(867, 435, 362, 362)",,,0.0,,,0.07,,,0.01,,,0.57,,,0.09,,,0.13,,
0.1,,,"(867, 439, 359, 359)",,,0.0,,,0.06,,,0.04,,,0.63,,,0.08,,,0.09,,
0.07,,,"(853, 399, 394, 394)",,,0.0,,,0.02,,,0.14,,,0.68,,,0.01,,,0.08,,
0.07,,,"(853, 399, 394, 394)",,,0.0,,,0.02,,,0.14,,,0.68,,,0.01,,,0.08,,
0.07,,,"(853, 399, 394, 394)",,,0.0,,,0.02,,,0.14,,,0.68,,,0.01,,,0.08,,
0.07,,,"(853, 399, 394, 394)",,,0.0,,,0.02,,,0.14,,,0.68,,,0.01,,,0.08,,
0.06,0.11,,"(847, 389, 391, 391)","(1556, 465, 89, 89)",,0.0,0.01,,0.04,0.32,,0.2,0.04,,0.55,0.22,,0.03,0.26,,0.12,0.04,
0.07,,,"(848, 390, 390, 390)",,,0.0,,,0.04,,,0.21,,,0.55,,,0.03,,,0.1,,
0.06,0.14,,"(847, 389, 391, 391)","(1558, 466, 86, 86)",,0.0,0.01,,0.04,0.27,,0.2,0.04,,0.55,0.24,,0.03,0.25,,0.12,0.05,
0.17,,,"(856, 409, 355, 355)",,,0.0,,,0.07,,,0.38,,,0.29,,,0.05,,,0.05,,
0.12,,,"(857, 401, 362, 362)",,,0.0,,,0.12,,,0.39,,,0.18,,,0.06,,,0.13,,
0.17,,,"(856, 409, 355, 355)",,,0.0,,,0.07,,,0.38,,,0.29,,,0.05,,,0.05,,
0.17,,,"(856, 409, 355, 355)",,,0.0,,,0.07,,,0.38,,,0.29,,,0.05,,,0.05,,
0.13,,,"(867, 416, 335, 335)",,,0.0,,,0.09,,,0.27,,,0.15,,,0.06,,,0.3,,
0.11,,,"(866, 415, 337, 337)",,,0.0,,,0.09,,,0.27,,,0.16,,,0.06,,,0.32,,
0.1,,,"(866, 415, 336, 336)",,,0.0,,,0.08,,,0.28,,,0.19,,,0.05,,,0.3,,
0.09,,,"(865, 415, 337, 337)",,,0.0,,,0.07,,,0.29,,,0.21,,,0.04,,,0.3,,
0.15,,,"(860, 410, 331, 331)",,,0.0,,,0.04,,,0.43,,,0.2,,,0.06,,,0.12,,
0.15,,,"(860, 410, 331, 331)",,,0.0,,,0.04,,,0.43,,,0.2,,,0.06,,,0.12,,
0.09,,,"(859, 408, 335, 335)",,,0.0,,,0.03,,,0.5,,,0.22,,,0.05,,,0.11,,
0.15,,,"(860, 410, 331, 331)",,,0.0,,,0.04,,,0.42,,,0.2,,,0.06,,,0.12,,
0.15,,,"(860, 410, 331, 331)",,,0.0,,,0.04,,,0.42,,,0.2,,,0.06,,,0.12,,
0.02,,,"(852, 388, 368, 368)",,,0.0,,,0.02,,,0.19,,,0.69,,,0.03,,,0.04,,
0.02,,,"(852, 389, 366, 366)",,,0.0,,,0.02,,,0.14,,,0.75,,,0.03,,,0.04,,
0.02,,,"(852, 389, 366, 366)",,,0.0,,,0.02,,,0.15,,,0.74,,,0.03,,,0.04,,
0.03,,,"(853, 390, 366, 366)",,,0.0,,,0.03,,,0.17,,,0.71,,,0.02,,,0.04,,
0.04,0.19,,"(852, 396, 356, 356)","(1099, 464, 122, 122)",,0.0,0.02,,0.02,0.21,,0.04,0.06,,0.82,0.05,,0.04,0.42,,0.04,0.04,
0.04,0.19,,"(852, 396, 356, 356)","(1099, 464, 122, 122)",,0.0,0.02,,0.02,0.21,,0.04,0.06,,0.82,0.05,,0.04,0.42,,0.04,0.04,
0.04,0.19,,"(852, 396, 356, 356)","(1099, 464, 122, 122)",,0.0,0.02,,0.02,0.21,,0.04,0.06,,0.81,0.05,,0.05,0.43,,0.04,0.04,
0.04,0.19,,"(852, 396, 356, 356)","(1099, 464, 122, 122)",,0.0,0.03,,0.02,0.21,,0.04,0.06,,0.82,0.05,,0.04,0.42,,0.04,0.04,
0.21,0.46,,"(1562, 465, 83, 83)","(879, 434, 260, 260)",,0.0,0.0,,0.28,0.11,,0.02,0.01,,0.23,0.18,,0.14,0.21,,0.12,0.03,
0.23,0.46,,"(1562, 465, 83, 83)","(879, 434, 260, 260)",,0.0,0.0,,0.28,0.11,,0.02,0.01,,0.22,0.18,,0.13,0.21,,0.12,0.03,
0.21,0.46,,"(1562, 465, 83, 83)","(879, 434, 260, 260)",,0.0,0.0,,0.28,0.11,,0.02,0.01,,0.23,0.18,,0.14,0.21,,0.12,0.03,
0.18,0.11,,"(847, 403, 291, 291)","(1556, 465, 90, 90)",,0.0,0.01,,0.05,0.26,,0.0,0.03,,0.32,0.32,,0.44,0.21,,0.01,0.06,
0.23,,,"(847, 403, 290, 290)",,,0.0,,,0.05,,,0.0,,,0.29,,,0.42,,,0.01,,
0.16,0.1,,"(841, 405, 281, 281)","(1557, 464, 87, 87)",,0.0,0.0,,0.1,0.35,,0.1,0.04,,0.48,0.27,,0.14,0.19,,0.03,0.05,
0.16,0.1,,"(840, 404, 282, 282)","(1557, 464, 87, 87)",,0.0,0.0,,0.11,0.36,,0.09,0.04,,0.46,0.26,,0.15,0.19,,0.03,0.05,
0.16,0.09,,"(841, 405, 281, 281)","(1555, 463, 89, 89)",,0.0,0.0,,0.1,0.31,,0.09,0.03,,0.48,0.26,,0.14,0.21,,0.03,0.09,
0.15,0.17,,"(831, 401, 300, 300)","(1753, 898, 108, 108)",,0.0,0.01,,0.06,0.06,,0.03,0.02,,0.52,0.06,,0.22,0.66,,0.02,0.01,
0.12,0.2,,"(831, 402, 299, 299)","(1754, 900, 106, 106)",,0.0,0.01,,0.06,0.07,,0.03,0.01,,0.53,0.05,,0.24,0.64,,0.02,0.01,
0.12,0.2,,"(831, 402, 299, 299)","(1754, 900, 106, 106)",,0.0,0.01,,0.06,0.08,,0.03,0.01,,0.53,0.05,,0.24,0.64,,0.02,0.01,
0.12,0.2,,"(831, 402, 299, 299)","(1754, 900, 106, 106)",,0.0,0.01,,0.06,0.08,,0.03,0.01,,0.53,0.05,,0.24,0.64,,0.02,0.01,
0.12,,,"(830, 395, 300, 300)",,,0.0,,,0.12,,,0.02,,,0.52,,,0.19,,,0.03,,
0.12,0.14,,"(832, 397, 295, 295)","(1566, 468, 74, 74)",,0.0,0.01,,0.18,0.3,,0.04,0.07,,0.42,0.23,,0.2,0.13,,0.04,0.12,
0.15,,,"(831, 397, 295, 295)",,,0.0,,,0.15,,,0.04,,,0.44,,,0.2,,,0.03,,
0.12,0.15,,"(830, 396, 297, 297)","(1567, 468, 74, 74)",,0.0,0.01,,0.15,0.26,,0.04,0.07,,0.45,0.26,,0.2,0.15,,0.04,0.1,
0.07,,,"(827, 395, 307, 307)",,,0.0,,,0.06,,,0.03,,,0.69,,,0.14,,,0.03,,
0.08,,,"(828, 395, 306, 306)",,,0.0,,,0.04,,,0.02,,,0.68,,,0.15,,,0.02,,
0.11,,,"(828, 396, 306, 306)",,,0.0,,,0.06,,,0.03,,,0.61,,,0.16,,,0.02,,
0.18,0.12,,"(836, 395, 289, 289)","(1557, 465, 86, 86)",,0.0,0.01,,0.19,0.28,,0.03,0.05,,0.4,0.3,,0.18,0.21,,0.03,0.03,
0.18,0.12,,"(836, 395, 289, 289)","(1557, 465, 86, 86)",,0.0,0.01,,0.19,0.28,,0.03,0.05,,0.4,0.3,,0.18,0.21,,0.03,0.03,
0.16,0.14,,"(836, 395, 290, 290)","(1558, 466, 85, 85)",,0.0,0.01,,0.2,0.27,,0.04,0.05,,0.4,0.3,,0.16,0.19,,0.03,0.04,
0.18,0.09,,"(836, 395, 289, 289)","(1557, 464, 87, 87)",,0.0,0.01,,0.19,0.31,,0.03,0.06,,0.4,0.29,,0.18,0.22,,0.02,0.04,
0.15,0.17,,"(836, 397, 295, 295)","(1652, 493, 49, 49)",,0.0,0.02,,0.12,0.19,,0.03,0.03,,0.48,0.08,,0.2,0.47,,0.03,0.03,
0.18,,,"(836, 396, 297, 297)",,,0.0,,,0.11,,,0.03,,,0.49,,,0.17,,,0.03,,
0.16,0.21,,"(837, 397, 294, 294)","(1651, 493, 49, 49)",,0.0,0.03,,0.1,0.2,,0.02,0.04,,0.52,0.08,,0.16,0.41,,0.03,0.04,
0.16,0.22,,"(837, 397, 294, 294)","(1650, 492, 51, 51)",,0.0,0.01,,0.11,0.21,,0.02,0.04,,0.52,0.09,,0.16,0.42,,0.03,0.02,
0.17,0.25,,"(836, 397, 296, 296)","(1652, 493, 48, 48)",,0.0,0.02,,0.11,0.17,,0.03,0.04,,0.45,0.09,,0.22,0.4,,0.03,0.03,
0.27,,,"(863, 421, 229, 229)",,,0.01,,,0.11,,,0.04,,,0.18,,,0.39,,,0.0,,
0.28,,,"(861, 420, 232, 232)",,,0.0,,,0.13,,,0.05,,,0.14,,,0.4,,,0.0,,
0.15,,,"(372, 677, 107, 107)",,,0.0,,,0.06,,,0.19,,,0.13,,,0.45,,,0.02,,
0.15,,,"(372, 677, 107, 107)",,,0.0,,,0.06,,,0.19,,,0.13,,,0.45,,,0.02,,
0.15,,,"(372, 677, 107, 107)",,,0.0,,,0.06,,,0.19,,,0.13,,,0.45,,,0.02,,
0.15,,,"(372, 677, 107, 107)",,,0.0,,,0.06,,,0.19,,,0.13,,,0.45,,,0.02,,
0.12,,,"(1554, 462, 95, 95)",,,0.01,,,0.33,,,0.04,,,0.17,,,0.3,,,0.04,,
0.14,,,"(1555, 462, 97, 97)",,,0.01,,,0.34,,,0.04,,,0.18,,,0.25,,,0.04,,
0.12,,,"(1554, 462, 96, 96)",,,0.01,,,0.37,,,0.03,,,0.16,,,0.27,,,0.04,,
0.11,,,"(1555, 464, 91, 91)",,,0.01,,,0.3,,,0.03,,,0.23,,,0.27,,,0.06,,
0.14,,,"(370, 673, 102, 102)",,,0.0,,,0.08,,,0.19,,,0.07,,,0.51,,,0.01,,
0.15,,,"(368, 671, 105, 105)",,,0.0,,,0.08,,,0.23,,,0.08,,,0.45,,,0.01,,
0.13,,,"(370, 673, 102, 102)",,,0.0,,,0.08,,,0.2,,,0.07,,,0.5,,,0.01,,
0.13,,,"(370, 673, 102, 102)",,,0.0,,,0.08,,,0.2,,,0.07,,,0.5,,,0.01,,
0.19,,,"(1648, 494, 54, 54)",,,0.0,,,0.2,,,0.04,,,0.08,,,0.48,,,0.02,,
0.19,,,"(1648, 494, 54, 54)",,,0.0,,,0.2,,,0.04,,,0.08,,,0.48,,,0.02,,
0.2,,,"(1649, 495, 53, 53)",,,0.0,,,0.21,,,0.06,,,0.09,,,0.42,,,0.02,,
0.18,,,"(1648, 494, 54, 54)",,,0.0,,,0.2,,,0.04,,,0.08,,,0.48,,,0.02,,
0.18,,,"(1648, 494, 54, 54)",,,0.0,,,0.2,,,0.04,,,0.08,,,0.49,,,0.01,,
0.25,,,"(1887, 922, 74, 74)",,,0.02,,,0.07,,,0.08,,,0.05,,,0.46,,,0.06,,
0.25,,,"(1887, 922, 74, 74)",,,0.02,,,0.07,,,0.09,,,0.05,,,0.46,,,0.06,,
0.25,,,"(1887, 922, 74, 74)",,,0.02,,,0.07,,,0.09,,,0.05,,,0.45,,,0.06,,
0.25,,,"(1887, 922, 74, 74)",,,0.02,,,0.07,,,0.08,,,0.05,,,0.46,,,0.06,,
0.29,,,"(846, 398, 275, 275)",,,0.0,,,0.08,,,0.02,,,0.39,,,0.22,,,0.01,,
0.2,,,"(847, 403, 273, 273)",,,0.0,,,0.08,,,0.01,,,0.38,,,0.32,,,0.01,,
0.18,,,"(846, 401, 274, 274)",,,0.0,,,0.08,,,0.01,,,0.46,,,0.26,,,0.01,,
0.23,,,"(848, 402, 270, 270)",,,0.0,,,0.07,,,0.01,,,0.39,,,0.29,,,0.0,,
0.16,,,"(1560, 468, 81, 81)",,,0.01,,,0.28,,,0.05,,,0.26,,,0.19,,,0.06,,
0.16,,,"(1560, 468, 81, 81)",,,0.01,,,0.28,,,0.05,,,0.26,,,0.19,,,0.06,,
0.16,,,"(1560, 468, 81, 81)",,,0.01,,,0.28,,,0.05,,,0.26,,,0.2,,,0.05,,
0.28,,,"(834, 395, 294, 294)",,,0.0,,,0.08,,,0.04,,,0.35,,,0.23,,,0.01,,
0.31,,,"(834, 395, 293, 293)",,,0.0,,,0.09,,,0.04,,,0.31,,,0.24,,,0.01,,
0.27,,,"(833, 394, 297, 297)",,,0.0,,,0.08,,,0.05,,,0.37,,,0.22,,,0.01,,
0.3,,,"(1567, 471, 75, 75)",,,0.0,,,0.15,,,0.05,,,0.28,,,0.15,,,0.07,,
0.3,,,"(1567, 471, 75, 75)",,,0.0,,,0.15,,,0.05,,,0.28,,,0.15,,,0.07,,
0.29,,,"(1568, 472, 74, 74)",,,0.0,,,0.16,,,0.06,,,0.24,,,0.12,,,0.12,,
0.07,,,"(827, 443, 247, 247)",,,0.0,,,0.12,,,0.11,,,0.28,,,0.42,,,0.0,,
0.07,,,"(827, 443, 247, 247)",,,0.0,,,0.11,,,0.11,,,0.28,,,0.42,,,0.0,,
0.07,,,"(827, 443, 247, 247)",,,0.0,,,0.11,,,0.11,,,0.28,,,0.42,,,0.0,,
0.18,,,"(1645, 491, 58, 58)",,,0.0,,,0.12,,,0.04,,,0.07,,,0.56,,,0.02,,
0.18,,,"(1645, 491, 58, 58)",,,0.0,,,0.12,,,0.04,,,0.07,,,0.56,,,0.02,,
0.18,,,"(1645, 491, 58, 58)",,,0.0,,,0.12,,,0.04,,,0.07,,,0.57,,,0.02,,
0.25,,,"(1649, 493, 49, 49)",,,0.03,,,0.13,,,0.06,,,0.05,,,0.43,,,0.05,,
0.22,,,"(1652, 493, 49, 49)",,,0.01,,,0.2,,,0.05,,,0.07,,,0.42,,,0.02,,
0.28,,,"(1652, 493, 48, 48)",,,0.02,,,0.2,,,0.05,,,0.06,,,0.36,,,0.02,,
0.28,,,"(1652, 493, 48, 48)",,,0.02,,,0.2,,,0.05,,,0.06,,,0.36,,,0.02,,
0.28,,,"(1652, 493, 48, 48)",,,0.02,,,0.2,,,0.05,,,0.06,,,0.36,,,0.02,,
0.23,,,"(1647, 490, 54, 54)",,,0.01,,,0.18,,,0.04,,,0.06,,,0.48,,,0.01,,
0.23,,,"(1647, 490, 54, 54)",,,0.01,,,0.18,,,0.04,,,0.06,,,0.48,,,0.01,,
0.15,,,"(1647, 492, 56, 56)",,,0.01,,,0.2,,,0.07,,,0.11,,,0.44,,,0.03,,
0.15,,,"(1647, 492, 56, 56)",,,0.01,,,0.2,,,0.07,,,0.11,,,0.44,,,0.03,,
0.11,,,"(1645, 489, 59, 59)",,,0.0,,,0.13,,,0.05,,,0.09,,,0.61,,,0.01,,
0.12,,,"(1645, 489, 59, 59)",,,0.0,,,0.14,,,0.05,,,0.09,,,0.6,,,0.01,,
0.08,,,"(1647, 490, 57, 57)",,,0.0,,,0.18,,,0.06,,,0.08,,,0.59,,,0.01,,
0.08,,,"(1646, 489, 59, 59)",,,0.0,,,0.16,,,0.06,,,0.08,,,0.61,,,0.01,,
0.08,,,"(1646, 489, 59, 59)",,,0.0,,,0.16,,,0.05,,,0.08,,,0.61,,,0.01,,
0.08,,,"(1646, 489, 59, 59)",,,0.0,,,0.16,,,0.05,,,0.08,,,0.61,,,0.01,,
0.08,,,"(1646, 489, 59, 59)",,,0.0,,,0.16,,,0.05,,,0.08,,,0.61,,,0.01,,
0.12,,,"(1554, 466, 92, 92)",,,0.0,,,0.22,,,0.08,,,0.29,,,0.27,,,0.03,,
0.12,,,"(1554, 466, 92, 92)",,,0.0,,,0.22,,,0.08,,,0.28,,,0.27,,,0.03,,
0.11,,,"(1645, 489, 61, 61)",,,0.0,,,0.14,,,0.02,,,0.13,,,0.58,,,0.01,,
0.11,0.28,,"(1645, 489, 61, 61)","(739, 768, 52, 52)",,0.0,0.0,,0.14,0.06,,0.02,0.13,,0.13,0.24,,0.59,0.28,,0.0,0.0,
0.27,,,"(740, 769, 51, 51)",,,0.0,,,0.07,,,0.13,,,0.23,,,0.29,,,0.0,,
0.27,,,"(740, 769, 51, 51)",,,0.0,,,0.07,,,0.13,,,0.23,,,0.29,,,0.0,,
0.28,,,"(741, 770, 50, 50)",,,0.0,,,0.08,,,0.13,,,0.18,,,0.33,,,0.0,,
0.29,,,"(741, 770, 50, 50)",,,0.0,,,0.08,,,0.13,,,0.17,,,0.33,,,0.0,,
0.32,,,"(742, 771, 49, 49)",,,0.0,,,0.09,,,0.12,,,0.14,,,0.33,,,0.01,,
0.28,,,"(741, 770, 50, 50)",,,0.0,,,0.08,,,0.13,,,0.17,,,0.33,,,0.0,,
0.13,,,"(1645, 490, 58, 58)",,,0.0,,,0.21,,,0.06,,,0.11,,,0.47,,,0.01,,
0.14,,,"(1646, 491, 55, 55)",,,0.01,,,0.22,,,0.07,,,0.09,,,0.47,,,0.01,,
0.14,,,"(1646, 491, 55, 55)",,,0.01,,,0.21,,,0.07,,,0.1,,,0.46,,,0.01,,
0.14,,,"(1646, 491, 55, 55)",,,0.01,,,0.22,,,0.07,,,0.1,,,0.46,,,0.01,,
0.08,,,"(1554, 466, 94, 94)",,,0.0,,,0.2,,,0.08,,,0.26,,,0.36,,,0.02,,
0.08,,,"(1554, 466, 94, 94)",,,0.0,,,0.2,,,0.08,,,0.26,,,0.36,,,0.02,,
0.11,,,"(1554, 466, 93, 93)",,,0.0,,,0.21,,,0.09,,,0.28,,,0.28,,,0.02,,
0.09,,,"(1554, 466, 94, 94)",,,0.0,,,0.19,,,0.09,,,0.29,,,0.33,,,0.01,,
0.09,,,"(1554, 466, 94, 94)",,,0.0,,,0.19,,,0.09,,,0.28,,,0.33,,,0.02,,
0.11,,,"(1555, 466, 93, 93)",,,0.0,,,0.19,,,0.09,,,0.31,,,0.28,,,0.02,,
0.11,,,"(1555, 466, 93, 93)",,,0.0,,,0.19,,,0.09,,,0.31,,,0.27,,,0.02,,
0.06,,,"(1642, 493, 59, 59)",,,0.0,,,0.13,,,0.05,,,0.09,,,0.66,,,0.0,,
0.06,,,"(1642, 493, 59, 59)",,,0.0,,,0.13,,,0.05,,,0.09,,,0.66,,,0.0,,
0.08,,,"(1642, 492, 59, 59)",,,0.0,,,0.13,,,0.05,,,0.1,,,0.64,,,0.01,,
0.05,,,"(1642, 493, 59, 59)",,,0.0,,,0.09,,,0.04,,,0.08,,,0.73,,,0.0,,
0.06,,,"(1642, 492, 60, 60)",,,0.0,,,0.1,,,0.03,,,0.07,,,0.72,,,0.0,,
0.07,,,"(1641, 493, 58, 58)",,,0.0,,,0.12,,,0.06,,,0.09,,,0.66,,,0.01,,
0.07,,,"(1641, 493, 58, 58)",,,0.0,,,0.12,,,0.06,,,0.09,,,0.66,,,0.01,,
0.07,,,"(1553, 466, 94, 94)",,,0.0,,,0.19,,,0.05,,,0.39,,,0.26,,,0.03,,
0.07,,,"(1553, 465, 94, 94)",,,0.0,,,0.22,,,0.03,,,0.33,,,0.32,,,0.02,,
0.07,,,"(1553, 465, 94, 94)",,,0.0,,,0.22,,,0.03,,,0.34,,,0.32,,,0.02,,
0.07,,,"(1553, 465, 94, 94)",,,0.0,,,0.22,,,0.03,,,0.34,,,0.32,,,0.02,,
0.08,,,"(1646, 492, 61, 61)",,,0.0,,,0.15,,,0.03,,,0.06,,,0.68,,,0.0,,
0.13,,,"(512, 705, 95, 95)",,,0.0,,,0.12,,,0.08,,,0.22,,,0.44,,,0.01,,
0.13,,,"(512, 705, 95, 95)",,,0.0,,,0.12,,,0.08,,,0.23,,,0.43,,,0.01,,
0.09,,,"(1554, 467, 92, 92)",,,0.0,,,0.19,,,0.09,,,0.26,,,0.34,,,0.03,,
0.1,,,"(1555, 466, 92, 92)",,,0.0,,,0.22,,,0.08,,,0.29,,,0.29,,,0.02,,
0.1,,,"(1555, 466, 92, 92)",,,0.0,,,0.22,,,0.07,,,0.29,,,0.3,,,0.02,,
0.1,,,"(1555, 466, 92, 92)",,,0.0,,,0.22,,,0.07,,,0.3,,,0.29,,,0.02,,
0.01,,,"(751, 403, 347, 347)",,,0.0,,,0.03,,,0.84,,,0.04,,,0.08,,,0.0,,
0.01,,,"(751, 404, 345, 345)",,,0.0,,,0.03,,,0.82,,,0.04,,,0.09,,,0.0,,
0.02,,,"(751, 403, 345, 345)",,,0.0,,,0.03,,,0.79,,,0.05,,,0.1,,,0.0,,
0.03,,,"(752, 402, 344, 344)",,,0.0,,,0.04,,,0.71,,,0.05,,,0.17,,,0.0,,
0.02,0.07,,"(752, 405, 343, 343)","(1555, 464, 91, 91)",,0.0,0.0,,0.03,0.29,,0.82,0.05,,0.04,0.29,,0.09,0.27,,0.0,0.02,
0.01,0.07,,"(752, 404, 344, 344)","(1555, 464, 91, 91)",,0.0,0.0,,0.03,0.29,,0.82,0.05,,0.04,0.3,,0.09,0.27,,0.0,0.02,
0.01,,,"(752, 404, 344, 344)",,,0.0,,,0.03,,,0.82,,,0.04,,,0.09,,,0.0,,
0.01,0.07,,"(752, 403, 346, 346)","(1555, 464, 91, 91)",,0.0,0.0,,0.02,0.28,,0.85,0.05,,0.04,0.3,,0.07,0.27,,0.0,0.02,
0.03,,,"(752, 402, 344, 344)",,,0.0,,,0.03,,,0.72,,,0.05,,,0.16,,,0.0,,
0.16,,,"(803, 385, 334, 334)",,,0.02,,,0.29,,,0.06,,,0.12,,,0.32,,,0.02,,
0.16,,,"(803, 385, 334, 334)",,,0.02,,,0.29,,,0.06,,,0.12,,,0.33,,,0.02,,
0.15,,,"(802, 385, 335, 335)",,,0.02,,,0.25,,,0.07,,,0.12,,,0.36,,,0.01,,
0.13,,,"(800, 382, 317, 317)",,,0.03,,,0.28,,,0.08,,,0.13,,,0.34,,,0.01,,
0.13,,,"(800, 382, 317, 317)",,,0.03,,,0.28,,,0.08,,,0.13,,,0.34,,,0.01,,
0.13,,,"(801, 382, 317, 317)",,,0.04,,,0.28,,,0.08,,,0.12,,,0.34,,,0.01,,
0.13,,,"(801, 382, 317, 317)",,,0.04,,,0.28,,,0.08,,,0.12,,,0.34,,,0.01,,
0.14,,,"(800, 382, 317, 317)",,,0.03,,,0.28,,,0.08,,,0.13,,,0.34,,,0.01,,
0.18,,,"(844, 368, 325, 325)",,,0.01,,,0.12,,,0.21,,,0.11,,,0.36,,,0.0,,
0.18,,,"(844, 368, 325, 325)",,,0.01,,,0.12,,,0.21,,,0.11,,,0.36,,,0.0,,
0.18,,,"(844, 368, 325, 325)",,,0.01,,,0.13,,,0.21,,,0.11,,,0.35,,,0.0,,
0.18,0.04,,"(844, 367, 326, 326)","(1553, 460, 95, 95)",,0.01,0.01,,0.13,0.27,,0.17,0.08,,0.12,0.25,,0.39,0.33,,0.0,0.03,
0.18,0.04,,"(844, 367, 326, 326)","(1553, 460, 95, 95)",,0.01,0.01,,0.13,0.28,,0.18,0.08,,0.12,0.25,,0.38,0.32,,0.0,0.03,
0.12,0.05,,"(843, 367, 334, 334)","(1552, 460, 96, 96)",,0.01,0.01,,0.17,0.31,,0.19,0.06,,0.1,0.23,,0.4,0.32,,0.01,0.04,
0.12,0.04,,"(843, 367, 334, 334)","(1552, 460, 96, 96)",,0.01,0.01,,0.17,0.31,,0.18,0.06,,0.11,0.23,,0.41,0.32,,0.01,0.04,
0.21,,,"(866, 369, 340, 340)",,,0.0,,,0.11,,,0.27,,,0.21,,,0.19,,,0.0,,
0.2,,,"(866, 368, 341, 341)",,,0.0,,,0.1,,,0.31,,,0.24,,,0.14,,,0.0,,
0.17,,,"(865, 367, 344, 344)",,,0.0,,,0.09,,,0.35,,,0.25,,,0.13,,,0.0,,
0.17,,,"(867, 372, 339, 339)",,,0.0,,,0.18,,,0.16,,,0.22,,,0.26,,,0.0,,
0.18,,,"(866, 368, 341, 341)",,,0.0,,,0.1,,,0.34,,,0.24,,,0.14,,,0.0,,
0.18,,,"(866, 368, 341, 341)",,,0.0,,,0.1,,,0.33,,,0.25,,,0.14,,,0.0,,
0.18,,,"(866, 368, 341, 341)",,,0.0,,,0.1,,,0.34,,,0.25,,,0.14,,,0.0,,
0.18,,,"(866, 368, 341, 341)",,,0.0,,,0.1,,,0.33,,,0.24,,,0.14,,,0.0,,
0.18,,,"(866, 368, 341, 341)",,,0.0,,,0.09,,,0.34,,,0.24,,,0.14,,,0.0,,
0.11,0.1,,"(905, 371, 344, 344)","(1650, 492, 56, 56)",,0.01,0.0,,0.08,0.18,,0.19,0.06,,0.45,0.15,,0.15,0.5,,0.01,0.01,
0.12,0.1,,"(905, 371, 344, 344)","(1650, 492, 56, 56)",,0.01,0.0,,0.08,0.18,,0.2,0.06,,0.44,0.15,,0.15,0.5,,0.01,0.01,
0.11,,,"(905, 372, 343, 343)",,,0.0,,,0.08,,,0.18,,,0.47,,,0.15,,,0.0,,
0.11,,,"(904, 372, 343, 343)",,,0.0,,,0.08,,,0.15,,,0.51,,,0.15,,,0.0,,
0.11,0.22,,"(904, 371, 345, 345)","(1658, 493, 45, 45)",,0.01,0.0,,0.07,0.23,,0.16,0.05,,0.51,0.05,,0.14,0.45,,0.0,0.0,
0.11,0.22,,"(904, 371, 345, 345)","(1658, 493, 45, 45)",,0.01,0.0,,0.07,0.23,,0.15,0.05,,0.52,0.05,,0.14,0.45,,0.0,0.0,
0.12,0.22,,"(905, 371, 344, 344)","(1658, 493, 45, 45)",,0.01,0.0,,0.07,0.23,,0.17,0.05,,0.48,0.05,,0.15,0.45,,0.0,0.0,
0.12,0.23,,"(905, 371, 344, 344)","(1658, 493, 45, 45)",,0.01,0.0,,0.07,0.23,,0.16,0.05,,0.49,0.05,,0.14,0.45,,0.0,0.0,
0.05,,,"(919, 369, 341, 341)",,,0.0,,,0.02,,,0.11,,,0.73,,,0.09,,,0.0,,
0.05,,,"(919, 369, 341, 341)",,,0.0,,,0.02,,,0.11,,,0.73,,,0.09,,,0.0,,
0.06,,,"(920, 369, 341, 341)",,,0.0,,,0.02,,,0.13,,,0.7,,,0.08,,,0.0,,
0.08,,,"(920, 369, 342, 342)",,,0.0,,,0.03,,,0.19,,,0.58,,,0.11,,,0.0,,
0.06,,,"(920, 369, 341, 341)",,,0.0,,,0.03,,,0.16,,,0.67,,,0.08,,,0.0,,
0.06,,,"(920, 369, 341, 341)",,,0.0,,,0.03,,,0.14,,,0.68,,,0.08,,,0.0,,
0.05,,,"(919, 369, 341, 341)",,,0.0,,,0.02,,,0.1,,,0.75,,,0.08,,,0.0,,
0.07,,,"(931, 370, 331, 331)",,,0.0,,,0.04,,,0.07,,,0.72,,,0.09,,,0.01,,
0.07,,,"(931, 370, 331, 331)",,,0.0,,,0.04,,,0.06,,,0.72,,,0.09,,,0.01,,
0.09,,,"(931, 369, 332, 332)",,,0.0,,,0.05,,,0.06,,,0.67,,,0.11,,,0.01,,
0.08,,,"(932, 371, 329, 329)",,,0.0,,,0.04,,,0.08,,,0.7,,,0.09,,,0.01,,
0.09,,,"(931, 369, 332, 332)",,,0.0,,,0.05,,,0.06,,,0.67,,,0.12,,,0.01,,
0.1,,,"(933, 372, 328, 328)",,,0.0,,,0.03,,,0.06,,,0.71,,,0.08,,,0.02,,
0.06,,,"(932, 372, 329, 329)",,,0.0,,,0.03,,,0.08,,,0.73,,,0.09,,,0.01,,
0.09,,,"(933, 372, 328, 328)",,,0.0,,,0.03,,,0.06,,,0.72,,,0.08,,,0.02,,
0.09,,,"(933, 372, 328, 328)",,,0.0,,,0.03,,,0.06,,,0.72,,,0.08,,,0.02,,
0.1,0.2,,"(939, 368, 333, 333)","(1645, 491, 59, 59)",,0.0,0.0,,0.07,0.18,,0.08,0.06,,0.63,0.19,,0.1,0.36,,0.02,0.01,
0.1,0.2,,"(939, 368, 333, 333)","(1645, 491, 59, 59)",,0.0,0.0,,0.07,0.18,,0.08,0.06,,0.63,0.19,,0.1,0.36,,0.02,0.01,
0.1,0.2,,"(939, 368, 333, 333)","(1645, 491, 59, 59)",,0.0,0.0,,0.07,0.18,,0.07,0.06,,0.64,0.2,,0.09,0.36,,0.02,0.01,
0.1,0.16,,"(940, 368, 333, 333)","(1645, 492, 58, 58)",,0.0,0.0,,0.08,0.18,,0.09,0.09,,0.62,0.18,,0.09,0.39,,0.02,0.0,
0.1,0.22,,"(940, 368, 333, 333)","(1646, 492, 56, 56)",,0.0,0.0,,0.09,0.21,,0.09,0.08,,0.62,0.1,,0.08,0.38,,0.02,0.01,
0.12,0.22,,"(939, 369, 334, 334)","(1646, 492, 57, 57)",,0.0,0.0,,0.06,0.18,,0.11,0.07,,0.63,0.15,,0.06,0.37,,0.03,0.01,
0.11,0.22,,"(941, 370, 332, 332)","(1646, 492, 57, 57)",,0.0,0.0,,0.08,0.18,,0.09,0.07,,0.62,0.15,,0.07,0.37,,0.03,0.01,
0.12,0.22,,"(939, 369, 334, 334)","(1646, 492, 57, 57)",,0.0,0.0,,0.06,0.18,,0.11,0.07,,0.63,0.15,,0.06,0.37,,0.03,0.01,
0.07,,,"(939, 369, 343, 343)",,,0.0,,,0.09,,,0.24,,,0.52,,,0.03,,,0.05,,
0.1,,,"(937, 367, 342, 342)",,,0.0,,,0.06,,,0.17,,,0.59,,,0.05,,,0.04,,
0.1,,,"(937, 367, 342, 342)",,,0.0,,,0.05,,,0.17,,,0.59,,,0.05,,,0.04,,
0.08,,,"(938, 368, 339, 339)",,,0.0,,,0.05,,,0.18,,,0.63,,,0.04,,,0.03,,
0.09,,,"(939, 368, 339, 339)",,,0.0,,,0.05,,,0.17,,,0.59,,,0.05,,,0.04,,
0.09,,,"(939, 368, 339, 339)",,,0.0,,,0.06,,,0.17,,,0.59,,,0.05,,,0.04,,
0.05,,,"(940, 370, 344, 344)",,,0.0,,,0.02,,,0.31,,,0.57,,,0.02,,,0.02,,
0.05,,,"(938, 375, 339, 339)",,,0.0,,,0.06,,,0.46,,,0.33,,,0.02,,,0.08,,
0.05,,,"(938, 375, 339, 339)",,,0.0,,,0.06,,,0.46,,,0.33,,,0.02,,,0.08,,
0.02,,,"(937, 376, 338, 338)",,,0.0,,,0.05,,,0.59,,,0.27,,,0.02,,,0.05,,
0.02,,,"(936, 375, 341, 341)",,,0.0,,,0.04,,,0.66,,,0.2,,,0.01,,,0.06,,
0.04,,,"(937, 375, 340, 340)",,,0.0,,,0.05,,,0.57,,,0.26,,,0.02,,,0.07,,
0.04,,,"(937, 375, 340, 340)",,,0.0,,,0.05,,,0.55,,,0.28,,,0.02,,,0.07,,
0.04,,,"(937, 375, 340, 340)",,,0.0,,,0.05,,,0.53,,,0.28,,,0.02,,,0.07,,
0.04,,,"(937, 375, 340, 340)",,,0.0,,,0.05,,,0.54,,,0.28,,,0.02,,,0.07,,
0.04,,,"(937, 375, 340, 340)",,,0.0,,,0.05,,,0.53,,,0.29,,,0.02,,,0.07,,
0.09,,,"(941, 373, 339, 339)",,,0.0,,,0.05,,,0.17,,,0.55,,,0.09,,,0.04,,
0.09,,,"(941, 373, 339, 339)",,,0.0,,,0.05,,,0.17,,,0.55,,,0.09,,,0.04,,
0.09,,,"(941, 374, 340, 340)",,,0.0,,,0.06,,,0.19,,,0.56,,,0.08,,,0.02,,
0.1,,,"(941, 373, 339, 339)",,,0.0,,,0.05,,,0.18,,,0.54,,,0.09,,,0.04,,
0.09,,,"(940, 374, 340, 340)",,,0.0,,,0.04,,,0.19,,,0.59,,,0.07,,,0.02,,
0.1,,,"(941, 373, 339, 339)",,,0.0,,,0.05,,,0.16,,,0.55,,,0.09,,,0.05,,
0.1,,,"(941, 373, 339, 339)",,,0.0,,,0.05,,,0.17,,,0.55,,,0.09,,,0.05,,
0.1,,,"(941, 373, 339, 339)",,,0.0,,,0.05,,,0.17,,,0.55,,,0.09,,,0.05,,
0.12,,,"(944, 374, 341, 341)",,,0.0,,,0.05,,,0.09,,,0.63,,,0.09,,,0.02,,
0.11,,,"(943, 373, 342, 342)",,,0.0,,,0.04,,,0.16,,,0.58,,,0.08,,,0.02,,
0.12,,,"(944, 374, 340, 340)",,,0.0,,,0.04,,,0.13,,,0.61,,,0.07,,,0.03,,
0.1,,,"(943, 375, 341, 341)",,,0.0,,,0.04,,,0.09,,,0.67,,,0.08,,,0.02,,
0.1,,,"(943, 375, 341, 341)",,,0.0,,,0.04,,,0.09,,,0.67,,,0.08,,,0.02,,
0.1,,,"(943, 375, 341, 341)",,,0.0,,,0.04,,,0.09,,,0.67,,,0.08,,,0.02,,
0.1,,,"(943, 375, 341, 341)",,,0.0,,,0.04,,,0.08,,,0.67,,,0.08,,,0.02,,
0.14,0.15,,"(946, 372, 345, 345)","(1886, 922, 76, 76)",,0.0,0.01,,0.02,0.08,,0.02,0.17,,0.74,0.07,,0.05,0.48,,0.02,0.04,
0.14,0.15,,"(946, 372, 345, 345)","(1886, 922, 76, 76)",,0.0,0.01,,0.02,0.08,,0.02,0.17,,0.74,0.07,,0.05,0.48,,0.02,0.04,
0.19,0.15,,"(945, 373, 347, 347)","(1886, 922, 76, 76)",,0.0,0.01,,0.03,0.09,,0.06,0.17,,0.65,0.07,,0.05,0.48,,0.03,0.04,
0.15,0.13,,"(946, 374, 346, 346)","(1887, 921, 77, 77)",,0.0,0.01,,0.03,0.07,,0.05,0.18,,0.7,0.08,,0.05,0.49,,0.03,0.05,
0.11,0.15,,"(944, 375, 348, 348)","(1889, 923, 74, 74)",,0.0,0.01,,0.04,0.06,,0.03,0.17,,0.74,0.06,,0.05,0.51,,0.04,0.05,
0.16,0.13,,"(945, 375, 345, 345)","(1888, 922, 76, 76)",,0.0,0.01,,0.04,0.06,,0.06,0.19,,0.63,0.07,,0.07,0.51,,0.04,0.04,
0.14,0.13,,"(944, 375, 345, 345)","(1888, 922, 76, 76)",,0.0,0.01,,0.05,0.06,,0.1,0.19,,0.59,0.07,,0.09,0.51,,0.03,0.04,
0.11,0.13,,"(943, 375, 347, 347)","(1888, 922, 76, 76)",,0.0,0.01,,0.05,0.06,,0.09,0.19,,0.67,0.07,,0.06,0.51,,0.03,0.04,
0.16,0.13,,"(945, 374, 347, 347)","(1888, 922, 76, 76)",,0.0,0.01,,0.04,0.06,,0.06,0.19,,0.65,0.07,,0.06,0.51,,0.04,0.04,
0.17,,,"(949, 376, 343, 343)",,,0.0,,,0.03,,,0.03,,,0.65,,,0.08,,,0.04,,
0.17,,,"(949, 376, 343, 343)",,,0.0,,,0.03,,,0.03,,,0.65,,,0.08,,,0.04,,
0.18,,,"(945, 375, 345, 345)",,,0.0,,,0.05,,,0.04,,,0.58,,,0.11,,,0.03,,
0.14,,,"(949, 376, 342, 342)",,,0.0,,,0.02,,,0.02,,,0.73,,,0.08,,,0.02,,
0.18,,,"(949, 374, 341, 341)",,,0.0,,,0.05,,,0.01,,,0.61,,,0.1,,,0.06,,
0.15,,,"(950, 376, 340, 340)",,,0.0,,,0.03,,,0.02,,,0.73,,,0.06,,,0.02,,
0.17,,,"(951, 376, 340, 340)",,,0.0,,,0.03,,,0.02,,,0.69,,,0.07,,,0.03,,
0.17,,,"(951, 376, 340, 340)",,,0.0,,,0.03,,,0.02,,,0.69,,,0.07,,,0.03,,
0.13,,,"(948, 373, 344, 344)",,,0.0,,,0.04,,,0.04,,,0.64,,,0.05,,,0.09,,
0.14,,,"(948, 374, 344, 344)",,,0.0,,,0.05,,,0.04,,,0.62,,,0.06,,,0.09,,
0.13,,,"(948, 373, 344, 344)",,,0.0,,,0.04,,,0.04,,,0.65,,,0.05,,,0.09,,
0.14,,,"(949, 374, 344, 344)",,,0.0,,,0.05,,,0.07,,,0.63,,,0.06,,,0.06,,
0.17,,,"(950, 374, 343, 343)",,,0.0,,,0.06,,,0.06,,,0.6,,,0.07,,,0.06,,
0.2,,,"(951, 375, 342, 342)",,,0.0,,,0.05,,,0.05,,,0.57,,,0.08,,,0.05,,
0.16,,,"(948, 374, 345, 345)",,,0.0,,,0.05,,,0.06,,,0.6,,,0.06,,,0.07,,
0.15,,,"(951, 376, 340, 340)",,,0.0,,,0.04,,,0.01,,,0.71,,,0.08,,,0.01,,
0.15,,,"(951, 376, 340, 340)",,,0.0,,,0.04,,,0.01,,,0.71,,,0.08,,,0.01,,
0.11,,,"(948, 373, 345, 345)",,,0.0,,,0.04,,,0.02,,,0.75,,,0.07,,,0.01,,
0.12,,,"(948, 373, 346, 346)",,,0.0,,,0.04,,,0.01,,,0.73,,,0.07,,,0.02,,
0.15,,,"(947, 373, 343, 343)",,,0.0,,,0.04,,,0.02,,,0.7,,,0.07,,,0.01,,
0.11,,,"(948, 374, 345, 345)",,,0.0,,,0.04,,,0.01,,,0.75,,,0.07,,,0.02,,
0.14,,,"(950, 375, 342, 342)",,,0.0,,,0.05,,,0.01,,,0.71,,,0.08,,,0.01,,
0.14,,,"(950, 375, 342, 342)",,,0.0,,,0.05,,,0.01,,,0.71,,,0.08,,,0.01,,
0.12,,,"(948, 374, 345, 345)",,,0.0,,,0.04,,,0.01,,,0.75,,,0.07,,,0.02,,
0.08,,,"(943, 379, 350, 350)",,,0.0,,,0.03,,,0.01,,,0.79,,,0.06,,,0.03,,
0.08,,,"(943, 379, 350, 350)",,,0.0,,,0.03,,,0.01,,,0.79,,,0.06,,,0.03,,
0.09,,,"(942, 378, 352, 352)",,,0.0,,,0.03,,,0.02,,,0.76,,,0.07,,,0.03,,
